dataset,classifier,meta_model,threshold,selected_resampling,predicted_delta_for_selection,baseline_macro_f1,selected_macro_f1,oracle_best_macro_f1,selected_improvement_vs_baseline,oracle_improvement_vs_baseline,gap_to_oracle,selected_runtime_seconds,full_evaluation_runtime_seconds,savings_seconds,savings_percent,is_no_resampling,improves_over_baseline,matches_oracle
ecoli-0_vs_1,logistic_regression,ridge,0.0,adasyn,0.020102339181286788,0.9798976608187132,0.9702058504875406,0.9849695975951356,-0.009691810331172612,0.00507193677642237,0.014763747107594982,0.1576374999999998,1.0172460999999973,0.8596085999999975,84.50350411763681,False,False,False
glass1,logistic_regression,ridge,0.0,none,-0.04217173416469022,0.5015185021376971,0.5015185021376971,0.61023457900858,0.0,0.10871607687088292,0.10871607687088292,0.1123254,1.0580544999999988,0.9457290999999988,89.38377937998466,True,False,False
haberman,logistic_regression,ridge,0.0,none,-0.061728509278843824,0.5344040574809805,0.5344040574809805,0.6425233644859814,0.0,0.10811930700500083,0.10811930700500083,0.0950548000000002,0.8455914999999994,0.7505366999999992,88.75878009653594,True,False,False
iris0,logistic_regression,ridge,0.0,none,0.0,1.0,1.0,1.0,0.0,0.0,0.0,0.2810267000000017,1.3112554,1.0302286999999983,78.56811876618379,True,False,True
page-blocks0,logistic_regression,ridge,0.0,smote,0.13428307146064322,0.847852850384496,0.8268462492184768,0.847852850384496,-0.021006601166019157,0.0,0.021006601166019157,0.8389156999999994,9.3963722,8.5574565,91.07191922431511,False,False,False
pima,logistic_regression,ridge,0.0,smote_tomek,0.021642501421750726,0.737580065691888,0.7312941855432118,0.737580065691888,-0.0062858801486762594,0.0,0.0062858801486762594,0.2450669999999997,1.3584931999999998,1.1134262000000001,81.96038081015055,False,False,False
segment0,logistic_regression,ridge,0.0,none,-0.045654807782614215,0.9946556506999986,0.9946556506999986,0.9946556506999986,0.0,0.0,0.0,0.3763151000000002,5.788029100000001,5.411714000000001,93.49838963318274,True,False,True
shuttle-c0-vs-c4,logistic_regression,ridge,0.0,none,-0.1190084700235382,0.9978126849919576,0.9978126849919576,0.9978126849919576,0.0,0.0,0.0,0.5004019,3.4081883999999985,2.9077864999999985,85.31765732199545,True,False,True
vehicle2,logistic_regression,ridge,0.0,none,-0.035228987447780025,0.942049967139062,0.942049967139062,0.9518336381687104,0.0,0.009783671029648389,0.009783671029648389,0.3685033000000004,2.9005068000000014,2.532003500000001,87.29520992676176,True,False,False
vowel0,logistic_regression,ridge,0.0,smote,0.036659581599894464,0.8552891556541312,0.7964026023727517,0.8552891556541312,-0.05888655328137948,0.0,0.05888655328137948,0.1878190999999986,2.2967455999999977,2.108926499999999,91.82238119885811,False,False,False
wisconsin,logistic_regression,ridge,0.0,adasyn,0.03224435841752438,0.9677556415824756,0.9634355542624382,0.9680602319491208,-0.0043200873200374135,0.00030459036664520767,0.004624677686682621,0.1723124,1.2072141000000007,1.0349017000000007,85.72644239327558,False,False,False
yeast1,logistic_regression,ridge,0.0,none,-0.017305914591118854,0.6456136985304575,0.6456136985304575,0.6832967627521116,0.0,0.03768306422165413,0.03768306422165413,0.3021811999999997,2.0565516000000006,1.7543704000000009,85.3064129292939,True,False,False
ecoli-0_vs_1,logistic_regression,ridge,0.005,adasyn,0.020102339181286788,0.9798976608187132,0.9702058504875406,0.9849695975951356,-0.009691810331172612,0.00507193677642237,0.014763747107594982,0.1576374999999998,1.0172460999999973,0.8596085999999975,84.50350411763681,False,False,False
glass1,logistic_regression,ridge,0.005,none,-0.04217173416469022,0.5015185021376971,0.5015185021376971,0.61023457900858,0.0,0.10871607687088292,0.10871607687088292,0.1123254,1.0580544999999988,0.9457290999999988,89.38377937998466,True,False,False
haberman,logistic_regression,ridge,0.005,none,-0.061728509278843824,0.5344040574809805,0.5344040574809805,0.6425233644859814,0.0,0.10811930700500083,0.10811930700500083,0.0950548000000002,0.8455914999999994,0.7505366999999992,88.75878009653594,True,False,False
iris0,logistic_regression,ridge,0.005,none,0.0,1.0,1.0,1.0,0.0,0.0,0.0,0.2810267000000017,1.3112554,1.0302286999999983,78.56811876618379,True,False,True
page-blocks0,logistic_regression,ridge,0.005,smote,0.13428307146064322,0.847852850384496,0.8268462492184768,0.847852850384496,-0.021006601166019157,0.0,0.021006601166019157,0.8389156999999994,9.3963722,8.5574565,91.07191922431511,False,False,False
pima,logistic_regression,ridge,0.005,smote_tomek,0.021642501421750726,0.737580065691888,0.7312941855432118,0.737580065691888,-0.0062858801486762594,0.0,0.0062858801486762594,0.2450669999999997,1.3584931999999998,1.1134262000000001,81.96038081015055,False,False,False
segment0,logistic_regression,ridge,0.005,none,-0.045654807782614215,0.9946556506999986,0.9946556506999986,0.9946556506999986,0.0,0.0,0.0,0.3763151000000002,5.788029100000001,5.411714000000001,93.49838963318274,True,False,True
shuttle-c0-vs-c4,logistic_regression,ridge,0.005,none,-0.1190084700235382,0.9978126849919576,0.9978126849919576,0.9978126849919576,0.0,0.0,0.0,0.5004019,3.4081883999999985,2.9077864999999985,85.31765732199545,True,False,True
vehicle2,logistic_regression,ridge,0.005,none,-0.035228987447780025,0.942049967139062,0.942049967139062,0.9518336381687104,0.0,0.009783671029648389,0.009783671029648389,0.3685033000000004,2.9005068000000014,2.532003500000001,87.29520992676176,True,False,False
vowel0,logistic_regression,ridge,0.005,smote,0.036659581599894464,0.8552891556541312,0.7964026023727517,0.8552891556541312,-0.05888655328137948,0.0,0.05888655328137948,0.1878190999999986,2.2967455999999977,2.108926499999999,91.82238119885811,False,False,False
wisconsin,logistic_regression,ridge,0.005,adasyn,0.03224435841752438,0.9677556415824756,0.9634355542624382,0.9680602319491208,-0.0043200873200374135,0.00030459036664520767,0.004624677686682621,0.1723124,1.2072141000000007,1.0349017000000007,85.72644239327558,False,False,False
yeast1,logistic_regression,ridge,0.005,none,-0.017305914591118854,0.6456136985304575,0.6456136985304575,0.6832967627521116,0.0,0.03768306422165413,0.03768306422165413,0.3021811999999997,2.0565516000000006,1.7543704000000009,85.3064129292939,True,False,False
ecoli-0_vs_1,logistic_regression,ridge,0.01,adasyn,0.020102339181286788,0.9798976608187132,0.9702058504875406,0.9849695975951356,-0.009691810331172612,0.00507193677642237,0.014763747107594982,0.1576374999999998,1.0172460999999973,0.8596085999999975,84.50350411763681,False,False,False
glass1,logistic_regression,ridge,0.01,none,-0.04217173416469022,0.5015185021376971,0.5015185021376971,0.61023457900858,0.0,0.10871607687088292,0.10871607687088292,0.1123254,1.0580544999999988,0.9457290999999988,89.38377937998466,True,False,False
haberman,logistic_regression,ridge,0.01,none,-0.061728509278843824,0.5344040574809805,0.5344040574809805,0.6425233644859814,0.0,0.10811930700500083,0.10811930700500083,0.0950548000000002,0.8455914999999994,0.7505366999999992,88.75878009653594,True,False,False
iris0,logistic_regression,ridge,0.01,none,0.0,1.0,1.0,1.0,0.0,0.0,0.0,0.2810267000000017,1.3112554,1.0302286999999983,78.56811876618379,True,False,True
page-blocks0,logistic_regression,ridge,0.01,smote,0.13428307146064322,0.847852850384496,0.8268462492184768,0.847852850384496,-0.021006601166019157,0.0,0.021006601166019157,0.8389156999999994,9.3963722,8.5574565,91.07191922431511,False,False,False
pima,logistic_regression,ridge,0.01,smote_tomek,0.021642501421750726,0.737580065691888,0.7312941855432118,0.737580065691888,-0.0062858801486762594,0.0,0.0062858801486762594,0.2450669999999997,1.3584931999999998,1.1134262000000001,81.96038081015055,False,False,False
segment0,logistic_regression,ridge,0.01,none,-0.045654807782614215,0.9946556506999986,0.9946556506999986,0.9946556506999986,0.0,0.0,0.0,0.3763151000000002,5.788029100000001,5.411714000000001,93.49838963318274,True,False,True
shuttle-c0-vs-c4,logistic_regression,ridge,0.01,none,-0.1190084700235382,0.9978126849919576,0.9978126849919576,0.9978126849919576,0.0,0.0,0.0,0.5004019,3.4081883999999985,2.9077864999999985,85.31765732199545,True,False,True
vehicle2,logistic_regression,ridge,0.01,none,-0.035228987447780025,0.942049967139062,0.942049967139062,0.9518336381687104,0.0,0.009783671029648389,0.009783671029648389,0.3685033000000004,2.9005068000000014,2.532003500000001,87.29520992676176,True,False,False
vowel0,logistic_regression,ridge,0.01,smote,0.036659581599894464,0.8552891556541312,0.7964026023727517,0.8552891556541312,-0.05888655328137948,0.0,0.05888655328137948,0.1878190999999986,2.2967455999999977,2.108926499999999,91.82238119885811,False,False,False
wisconsin,logistic_regression,ridge,0.01,adasyn,0.03224435841752438,0.9677556415824756,0.9634355542624382,0.9680602319491208,-0.0043200873200374135,0.00030459036664520767,0.004624677686682621,0.1723124,1.2072141000000007,1.0349017000000007,85.72644239327558,False,False,False
yeast1,logistic_regression,ridge,0.01,none,-0.017305914591118854,0.6456136985304575,0.6456136985304575,0.6832967627521116,0.0,0.03768306422165413,0.03768306422165413,0.3021811999999997,2.0565516000000006,1.7543704000000009,85.3064129292939,True,False,False
ecoli-0_vs_1,logistic_regression,ridge,0.015,adasyn,0.020102339181286788,0.9798976608187132,0.9702058504875406,0.9849695975951356,-0.009691810331172612,0.00507193677642237,0.014763747107594982,0.1576374999999998,1.0172460999999973,0.8596085999999975,84.50350411763681,False,False,False
glass1,logistic_regression,ridge,0.015,none,-0.04217173416469022,0.5015185021376971,0.5015185021376971,0.61023457900858,0.0,0.10871607687088292,0.10871607687088292,0.1123254,1.0580544999999988,0.9457290999999988,89.38377937998466,True,False,False
haberman,logistic_regression,ridge,0.015,none,-0.061728509278843824,0.5344040574809805,0.5344040574809805,0.6425233644859814,0.0,0.10811930700500083,0.10811930700500083,0.0950548000000002,0.8455914999999994,0.7505366999999992,88.75878009653594,True,False,False
iris0,logistic_regression,ridge,0.015,none,0.0,1.0,1.0,1.0,0.0,0.0,0.0,0.2810267000000017,1.3112554,1.0302286999999983,78.56811876618379,True,False,True
page-blocks0,logistic_regression,ridge,0.015,smote,0.13428307146064322,0.847852850384496,0.8268462492184768,0.847852850384496,-0.021006601166019157,0.0,0.021006601166019157,0.8389156999999994,9.3963722,8.5574565,91.07191922431511,False,False,False
pima,logistic_regression,ridge,0.015,smote_tomek,0.021642501421750726,0.737580065691888,0.7312941855432118,0.737580065691888,-0.0062858801486762594,0.0,0.0062858801486762594,0.2450669999999997,1.3584931999999998,1.1134262000000001,81.96038081015055,False,False,False
segment0,logistic_regression,ridge,0.015,none,-0.045654807782614215,0.9946556506999986,0.9946556506999986,0.9946556506999986,0.0,0.0,0.0,0.3763151000000002,5.788029100000001,5.411714000000001,93.49838963318274,True,False,True
shuttle-c0-vs-c4,logistic_regression,ridge,0.015,none,-0.1190084700235382,0.9978126849919576,0.9978126849919576,0.9978126849919576,0.0,0.0,0.0,0.5004019,3.4081883999999985,2.9077864999999985,85.31765732199545,True,False,True
vehicle2,logistic_regression,ridge,0.015,none,-0.035228987447780025,0.942049967139062,0.942049967139062,0.9518336381687104,0.0,0.009783671029648389,0.009783671029648389,0.3685033000000004,2.9005068000000014,2.532003500000001,87.29520992676176,True,False,False
vowel0,logistic_regression,ridge,0.015,smote,0.036659581599894464,0.8552891556541312,0.7964026023727517,0.8552891556541312,-0.05888655328137948,0.0,0.05888655328137948,0.1878190999999986,2.2967455999999977,2.108926499999999,91.82238119885811,False,False,False
wisconsin,logistic_regression,ridge,0.015,adasyn,0.03224435841752438,0.9677556415824756,0.9634355542624382,0.9680602319491208,-0.0043200873200374135,0.00030459036664520767,0.004624677686682621,0.1723124,1.2072141000000007,1.0349017000000007,85.72644239327558,False,False,False
yeast1,logistic_regression,ridge,0.015,none,-0.017305914591118854,0.6456136985304575,0.6456136985304575,0.6832967627521116,0.0,0.03768306422165413,0.03768306422165413,0.3021811999999997,2.0565516000000006,1.7543704000000009,85.3064129292939,True,False,False
ecoli-0_vs_1,logistic_regression,ridge,0.02,adasyn,0.020102339181286788,0.9798976608187132,0.9702058504875406,0.9849695975951356,-0.009691810331172612,0.00507193677642237,0.014763747107594982,0.1576374999999998,1.0172460999999973,0.8596085999999975,84.50350411763681,False,False,False
glass1,logistic_regression,ridge,0.02,none,-0.04217173416469022,0.5015185021376971,0.5015185021376971,0.61023457900858,0.0,0.10871607687088292,0.10871607687088292,0.1123254,1.0580544999999988,0.9457290999999988,89.38377937998466,True,False,False
haberman,logistic_regression,ridge,0.02,none,-0.061728509278843824,0.5344040574809805,0.5344040574809805,0.6425233644859814,0.0,0.10811930700500083,0.10811930700500083,0.0950548000000002,0.8455914999999994,0.7505366999999992,88.75878009653594,True,False,False
iris0,logistic_regression,ridge,0.02,none,0.0,1.0,1.0,1.0,0.0,0.0,0.0,0.2810267000000017,1.3112554,1.0302286999999983,78.56811876618379,True,False,True
page-blocks0,logistic_regression,ridge,0.02,smote,0.13428307146064322,0.847852850384496,0.8268462492184768,0.847852850384496,-0.021006601166019157,0.0,0.021006601166019157,0.8389156999999994,9.3963722,8.5574565,91.07191922431511,False,False,False
pima,logistic_regression,ridge,0.02,smote_tomek,0.021642501421750726,0.737580065691888,0.7312941855432118,0.737580065691888,-0.0062858801486762594,0.0,0.0062858801486762594,0.2450669999999997,1.3584931999999998,1.1134262000000001,81.96038081015055,False,False,False
segment0,logistic_regression,ridge,0.02,none,-0.045654807782614215,0.9946556506999986,0.9946556506999986,0.9946556506999986,0.0,0.0,0.0,0.3763151000000002,5.788029100000001,5.411714000000001,93.49838963318274,True,False,True
shuttle-c0-vs-c4,logistic_regression,ridge,0.02,none,-0.1190084700235382,0.9978126849919576,0.9978126849919576,0.9978126849919576,0.0,0.0,0.0,0.5004019,3.4081883999999985,2.9077864999999985,85.31765732199545,True,False,True
vehicle2,logistic_regression,ridge,0.02,none,-0.035228987447780025,0.942049967139062,0.942049967139062,0.9518336381687104,0.0,0.009783671029648389,0.009783671029648389,0.3685033000000004,2.9005068000000014,2.532003500000001,87.29520992676176,True,False,False
vowel0,logistic_regression,ridge,0.02,smote,0.036659581599894464,0.8552891556541312,0.7964026023727517,0.8552891556541312,-0.05888655328137948,0.0,0.05888655328137948,0.1878190999999986,2.2967455999999977,2.108926499999999,91.82238119885811,False,False,False
wisconsin,logistic_regression,ridge,0.02,adasyn,0.03224435841752438,0.9677556415824756,0.9634355542624382,0.9680602319491208,-0.0043200873200374135,0.00030459036664520767,0.004624677686682621,0.1723124,1.2072141000000007,1.0349017000000007,85.72644239327558,False,False,False
yeast1,logistic_regression,ridge,0.02,none,-0.017305914591118854,0.6456136985304575,0.6456136985304575,0.6832967627521116,0.0,0.03768306422165413,0.03768306422165413,0.3021811999999997,2.0565516000000006,1.7543704000000009,85.3064129292939,True,False,False
ecoli-0_vs_1,decision_tree,ridge,0.0,none,-0.007541403598994356,0.9702058504875406,0.9702058504875406,0.9899488304093568,0.0,0.019742979921816173,0.019742979921816173,0.1590112999999995,0.7773905000000008,0.6183792000000012,79.54550512258648,True,False,False
glass1,decision_tree,ridge,0.0,smote_enn,0.009915750044364957,0.7609506833036244,0.6935513673318552,0.7609506833036244,-0.06739931597176918,0.0,0.06739931597176918,0.1206399000000004,0.7398563999999996,0.6192164999999993,83.69414659385248,False,False,False
haberman,decision_tree,ridge,0.0,none,0.02341348838559343,0.5658193101802125,0.5658193101802125,0.6397058823529411,0.0,0.07388657217272865,0.07388657217272865,0.0980717999999996,0.6776106999999986,0.579538899999999,85.52682240702518,True,False,False
iris0,decision_tree,ridge,0.0,none,-0.0036108355281896376,1.0,1.0,1.0,0.0,0.0,0.0,0.1019786000000024,0.9672043000000058,0.8652257000000034,89.45635374036264,True,False,True
page-blocks0,decision_tree,ridge,0.0,smote_enn,0.028831816213177763,0.9124443797226672,0.9041625104634836,0.9124443797226672,-0.008281869259183616,0.0,0.008281869259183616,2.3035964,7.595065100000003,5.291468700000003,69.66982679318971,False,False,False
pima,decision_tree,ridge,0.0,none,-0.0028173797957471436,0.6715751896474788,0.6715751896474788,0.7012961643040045,0.0,0.02972097465652579,0.02972097465652579,0.1650589,1.4682680999999986,1.3032091999999986,88.75825879483453,True,False,False
segment0,decision_tree,ridge,0.0,none,-0.01427782734368821,0.9849535772068706,0.9849535772068706,0.989338507021434,0.0,0.004384929814563399,0.004384929814563399,0.3328682,5.426655400000001,5.093787200000001,93.866052375465,True,False,False
shuttle-c0-vs-c4,decision_tree,ridge,0.0,none,0.0,1.0,1.0,1.0,0.0,0.0,0.0,0.2338208999999995,2.1616400000000002,1.9278191000000007,89.1831711108233,True,False,True
vehicle2,decision_tree,ridge,0.0,smote_enn,0.012827539222364459,0.9507111489807956,0.9317872737665,0.9507111489807956,-0.018923875214295616,0.0,0.018923875214295616,0.5276239999999994,1.5138356999999996,0.9862117000000001,65.14654793779803,False,False,False
vowel0,decision_tree,ridge,0.0,smote_enn,0.005587375504857328,0.8512122885397319,0.850373999157185,0.8828029071650012,-0.0008382893825468196,0.03159061862526935,0.03242890800781617,0.2290269000000009,1.0065831999999975,0.7775562999999965,77.24709691161134,False,False,False
wisconsin,decision_tree,ridge,0.0,smote_enn,0.015260310482212214,0.953291215956496,0.9469512065958534,0.953291215956496,-0.006340009360642607,0.0,0.006340009360642607,0.1703713999999996,0.9080225999999996,0.7376512,81.2370969621241,False,False,False
yeast1,decision_tree,ridge,0.0,smote_enn,0.0013495936875356218,0.6783822319268029,0.6692266519486466,0.6783822319268029,-0.009155579978156303,0.0,0.009155579978156303,0.5484498000000002,2.4684808,1.9200309999999998,77.78188916843104,False,False,False
ecoli-0_vs_1,decision_tree,ridge,0.005,none,-0.007541403598994356,0.9702058504875406,0.9702058504875406,0.9899488304093568,0.0,0.019742979921816173,0.019742979921816173,0.1590112999999995,0.7773905000000008,0.6183792000000012,79.54550512258648,True,False,False
glass1,decision_tree,ridge,0.005,smote_enn,0.009915750044364957,0.7609506833036244,0.6935513673318552,0.7609506833036244,-0.06739931597176918,0.0,0.06739931597176918,0.1206399000000004,0.7398563999999996,0.6192164999999993,83.69414659385248,False,False,False
haberman,decision_tree,ridge,0.005,none,0.02341348838559343,0.5658193101802125,0.5658193101802125,0.6397058823529411,0.0,0.07388657217272865,0.07388657217272865,0.0980717999999996,0.6776106999999986,0.579538899999999,85.52682240702518,True,False,False
iris0,decision_tree,ridge,0.005,none,-0.0036108355281896376,1.0,1.0,1.0,0.0,0.0,0.0,0.1019786000000024,0.9672043000000058,0.8652257000000034,89.45635374036264,True,False,True
page-blocks0,decision_tree,ridge,0.005,smote_enn,0.028831816213177763,0.9124443797226672,0.9041625104634836,0.9124443797226672,-0.008281869259183616,0.0,0.008281869259183616,2.3035964,7.595065100000003,5.291468700000003,69.66982679318971,False,False,False
pima,decision_tree,ridge,0.005,none,-0.0028173797957471436,0.6715751896474788,0.6715751896474788,0.7012961643040045,0.0,0.02972097465652579,0.02972097465652579,0.1650589,1.4682680999999986,1.3032091999999986,88.75825879483453,True,False,False
segment0,decision_tree,ridge,0.005,none,-0.01427782734368821,0.9849535772068706,0.9849535772068706,0.989338507021434,0.0,0.004384929814563399,0.004384929814563399,0.3328682,5.426655400000001,5.093787200000001,93.866052375465,True,False,False
shuttle-c0-vs-c4,decision_tree,ridge,0.005,none,0.0,1.0,1.0,1.0,0.0,0.0,0.0,0.2338208999999995,2.1616400000000002,1.9278191000000007,89.1831711108233,True,False,True
vehicle2,decision_tree,ridge,0.005,smote_enn,0.012827539222364459,0.9507111489807956,0.9317872737665,0.9507111489807956,-0.018923875214295616,0.0,0.018923875214295616,0.5276239999999994,1.5138356999999996,0.9862117000000001,65.14654793779803,False,False,False
vowel0,decision_tree,ridge,0.005,smote_enn,0.005587375504857328,0.8512122885397319,0.850373999157185,0.8828029071650012,-0.0008382893825468196,0.03159061862526935,0.03242890800781617,0.2290269000000009,1.0065831999999975,0.7775562999999965,77.24709691161134,False,False,False
wisconsin,decision_tree,ridge,0.005,smote_enn,0.015260310482212214,0.953291215956496,0.9469512065958534,0.953291215956496,-0.006340009360642607,0.0,0.006340009360642607,0.1703713999999996,0.9080225999999996,0.7376512,81.2370969621241,False,False,False
yeast1,decision_tree,ridge,0.005,none,-0.0006007463096435739,0.6783822319268029,0.6783822319268029,0.6783822319268029,0.0,0.0,0.0,0.1223587999999997,2.4684808,2.3461220000000003,95.04315366763234,True,False,True
ecoli-0_vs_1,decision_tree,ridge,0.01,none,-0.007541403598994356,0.9702058504875406,0.9702058504875406,0.9899488304093568,0.0,0.019742979921816173,0.019742979921816173,0.1590112999999995,0.7773905000000008,0.6183792000000012,79.54550512258648,True,False,False
glass1,decision_tree,ridge,0.01,none,0.00311176538105129,0.7609506833036244,0.7609506833036244,0.7609506833036244,0.0,0.0,0.0,0.0952776000000001,0.7398563999999996,0.6445787999999996,87.12214964958062,True,False,True
haberman,decision_tree,ridge,0.01,none,0.02341348838559343,0.5658193101802125,0.5658193101802125,0.6397058823529411,0.0,0.07388657217272865,0.07388657217272865,0.0980717999999996,0.6776106999999986,0.579538899999999,85.52682240702518,True,False,False
iris0,decision_tree,ridge,0.01,none,-0.0036108355281896376,1.0,1.0,1.0,0.0,0.0,0.0,0.1019786000000024,0.9672043000000058,0.8652257000000034,89.45635374036264,True,False,True
page-blocks0,decision_tree,ridge,0.01,smote_enn,0.028831816213177763,0.9124443797226672,0.9041625104634836,0.9124443797226672,-0.008281869259183616,0.0,0.008281869259183616,2.3035964,7.595065100000003,5.291468700000003,69.66982679318971,False,False,False
pima,decision_tree,ridge,0.01,none,-0.0028173797957471436,0.6715751896474788,0.6715751896474788,0.7012961643040045,0.0,0.02972097465652579,0.02972097465652579,0.1650589,1.4682680999999986,1.3032091999999986,88.75825879483453,True,False,False
segment0,decision_tree,ridge,0.01,none,-0.01427782734368821,0.9849535772068706,0.9849535772068706,0.989338507021434,0.0,0.004384929814563399,0.004384929814563399,0.3328682,5.426655400000001,5.093787200000001,93.866052375465,True,False,False
shuttle-c0-vs-c4,decision_tree,ridge,0.01,none,0.0,1.0,1.0,1.0,0.0,0.0,0.0,0.2338208999999995,2.1616400000000002,1.9278191000000007,89.1831711108233,True,False,True
vehicle2,decision_tree,ridge,0.01,smote_enn,0.012827539222364459,0.9507111489807956,0.9317872737665,0.9507111489807956,-0.018923875214295616,0.0,0.018923875214295616,0.5276239999999994,1.5138356999999996,0.9862117000000001,65.14654793779803,False,False,False
vowel0,decision_tree,ridge,0.01,none,0.0043301430573122746,0.8512122885397319,0.8512122885397319,0.8828029071650012,0.0,0.03159061862526935,0.03159061862526935,0.0795946,1.0065831999999975,0.9269885999999975,92.09259602186883,True,False,False
wisconsin,decision_tree,ridge,0.01,smote_enn,0.015260310482212214,0.953291215956496,0.9469512065958534,0.953291215956496,-0.006340009360642607,0.0,0.006340009360642607,0.1703713999999996,0.9080225999999996,0.7376512,81.2370969621241,False,False,False
yeast1,decision_tree,ridge,0.01,none,-0.0006007463096435739,0.6783822319268029,0.6783822319268029,0.6783822319268029,0.0,0.0,0.0,0.1223587999999997,2.4684808,2.3461220000000003,95.04315366763234,True,False,True
ecoli-0_vs_1,decision_tree,ridge,0.015,none,-0.007541403598994356,0.9702058504875406,0.9702058504875406,0.9899488304093568,0.0,0.019742979921816173,0.019742979921816173,0.1590112999999995,0.7773905000000008,0.6183792000000012,79.54550512258648,True,False,False
glass1,decision_tree,ridge,0.015,none,0.00311176538105129,0.7609506833036244,0.7609506833036244,0.7609506833036244,0.0,0.0,0.0,0.0952776000000001,0.7398563999999996,0.6445787999999996,87.12214964958062,True,False,True
haberman,decision_tree,ridge,0.015,none,0.02341348838559343,0.5658193101802125,0.5658193101802125,0.6397058823529411,0.0,0.07388657217272865,0.07388657217272865,0.0980717999999996,0.6776106999999986,0.579538899999999,85.52682240702518,True,False,False
iris0,decision_tree,ridge,0.015,none,-0.0036108355281896376,1.0,1.0,1.0,0.0,0.0,0.0,0.1019786000000024,0.9672043000000058,0.8652257000000034,89.45635374036264,True,False,True
page-blocks0,decision_tree,ridge,0.015,smote_enn,0.028831816213177763,0.9124443797226672,0.9041625104634836,0.9124443797226672,-0.008281869259183616,0.0,0.008281869259183616,2.3035964,7.595065100000003,5.291468700000003,69.66982679318971,False,False,False
pima,decision_tree,ridge,0.015,none,-0.0028173797957471436,0.6715751896474788,0.6715751896474788,0.7012961643040045,0.0,0.02972097465652579,0.02972097465652579,0.1650589,1.4682680999999986,1.3032091999999986,88.75825879483453,True,False,False
segment0,decision_tree,ridge,0.015,none,-0.01427782734368821,0.9849535772068706,0.9849535772068706,0.989338507021434,0.0,0.004384929814563399,0.004384929814563399,0.3328682,5.426655400000001,5.093787200000001,93.866052375465,True,False,False
shuttle-c0-vs-c4,decision_tree,ridge,0.015,none,0.0,1.0,1.0,1.0,0.0,0.0,0.0,0.2338208999999995,2.1616400000000002,1.9278191000000007,89.1831711108233,True,False,True
vehicle2,decision_tree,ridge,0.015,none,0.010063174622173654,0.9507111489807956,0.9507111489807956,0.9507111489807956,0.0,0.0,0.0,0.1431218000000003,1.5138356999999996,1.3707138999999993,90.54575077070778,True,False,True
vowel0,decision_tree,ridge,0.015,none,0.0043301430573122746,0.8512122885397319,0.8512122885397319,0.8828029071650012,0.0,0.03159061862526935,0.03159061862526935,0.0795946,1.0065831999999975,0.9269885999999975,92.09259602186883,True,False,False
wisconsin,decision_tree,ridge,0.015,smote_enn,0.015260310482212214,0.953291215956496,0.9469512065958534,0.953291215956496,-0.006340009360642607,0.0,0.006340009360642607,0.1703713999999996,0.9080225999999996,0.7376512,81.2370969621241,False,False,False
yeast1,decision_tree,ridge,0.015,none,-0.0006007463096435739,0.6783822319268029,0.6783822319268029,0.6783822319268029,0.0,0.0,0.0,0.1223587999999997,2.4684808,2.3461220000000003,95.04315366763234,True,False,True
ecoli-0_vs_1,decision_tree,ridge,0.02,none,-0.007541403598994356,0.9702058504875406,0.9702058504875406,0.9899488304093568,0.0,0.019742979921816173,0.019742979921816173,0.1590112999999995,0.7773905000000008,0.6183792000000012,79.54550512258648,True,False,False
glass1,decision_tree,ridge,0.02,none,0.00311176538105129,0.7609506833036244,0.7609506833036244,0.7609506833036244,0.0,0.0,0.0,0.0952776000000001,0.7398563999999996,0.6445787999999996,87.12214964958062,True,False,True
haberman,decision_tree,ridge,0.02,none,0.02341348838559343,0.5658193101802125,0.5658193101802125,0.6397058823529411,0.0,0.07388657217272865,0.07388657217272865,0.0980717999999996,0.6776106999999986,0.579538899999999,85.52682240702518,True,False,False
iris0,decision_tree,ridge,0.02,none,-0.0036108355281896376,1.0,1.0,1.0,0.0,0.0,0.0,0.1019786000000024,0.9672043000000058,0.8652257000000034,89.45635374036264,True,False,True
page-blocks0,decision_tree,ridge,0.02,smote_enn,0.028831816213177763,0.9124443797226672,0.9041625104634836,0.9124443797226672,-0.008281869259183616,0.0,0.008281869259183616,2.3035964,7.595065100000003,5.291468700000003,69.66982679318971,False,False,False
pima,decision_tree,ridge,0.02,none,-0.0028173797957471436,0.6715751896474788,0.6715751896474788,0.7012961643040045,0.0,0.02972097465652579,0.02972097465652579,0.1650589,1.4682680999999986,1.3032091999999986,88.75825879483453,True,False,False
segment0,decision_tree,ridge,0.02,none,-0.01427782734368821,0.9849535772068706,0.9849535772068706,0.989338507021434,0.0,0.004384929814563399,0.004384929814563399,0.3328682,5.426655400000001,5.093787200000001,93.866052375465,True,False,False
shuttle-c0-vs-c4,decision_tree,ridge,0.02,none,0.0,1.0,1.0,1.0,0.0,0.0,0.0,0.2338208999999995,2.1616400000000002,1.9278191000000007,89.1831711108233,True,False,True
vehicle2,decision_tree,ridge,0.02,none,0.010063174622173654,0.9507111489807956,0.9507111489807956,0.9507111489807956,0.0,0.0,0.0,0.1431218000000003,1.5138356999999996,1.3707138999999993,90.54575077070778,True,False,True
vowel0,decision_tree,ridge,0.02,none,0.0043301430573122746,0.8512122885397319,0.8512122885397319,0.8828029071650012,0.0,0.03159061862526935,0.03159061862526935,0.0795946,1.0065831999999975,0.9269885999999975,92.09259602186883,True,False,False
wisconsin,decision_tree,ridge,0.02,none,0.013544601369825826,0.953291215956496,0.953291215956496,0.953291215956496,0.0,0.0,0.0,0.1131557,0.9080225999999996,0.7948668999999996,87.53822867404402,True,False,True
yeast1,decision_tree,ridge,0.02,none,-0.0006007463096435739,0.6783822319268029,0.6783822319268029,0.6783822319268029,0.0,0.0,0.0,0.1223587999999997,2.4684808,2.3461220000000003,95.04315366763234,True,False,True
ecoli-0_vs_1,random_forest,ridge,0.0,smote_tomek,0.0010335206078734283,0.9899488304093568,0.9849695975951356,0.9899488304093568,-0.004979232814221191,0.0,0.004979232814221191,3.322800000000001,24.150073400000004,20.827273400000003,86.24103560695596,False,False,False
glass1,random_forest,ridge,0.0,none,-0.033232633999077055,0.8335967090576166,0.8335967090576166,0.8572169916228037,0.0,0.023620282565187112,0.023620282565187112,3.2704950000000004,28.071075199999996,24.800580199999995,88.34923501612079,True,False,False
haberman,random_forest,ridge,0.0,none,0.0024509413813036396,0.529559748427673,0.529559748427673,0.655656819221685,0.0,0.126097070794012,0.126097070794012,3.2899539000000004,25.6776669,22.387712999999998,87.18748898483452,True,False,False
iris0,random_forest,ridge,0.0,none,0.0,1.0,1.0,1.0,0.0,0.0,0.0,4.362116699999998,23.793170899999996,19.4310542,81.66651801757118,True,False,True
page-blocks0,random_forest,ridge,0.0,smote_enn,0.051372211865139406,0.9345174973488866,0.9108186285586148,0.9345174973488866,-0.02369886879027172,0.0,0.02369886879027172,6.665589199999999,38.514595,31.8490058,82.69334209537969,False,False,False
pima,random_forest,ridge,0.0,smote_tomek,0.01696017780006709,0.7354267425456938,0.7390417940876657,0.7431733533861193,0.0036150515419718365,0.007746610840425494,0.0041315592984536575,4.433129900000001,29.841652900000007,25.408523000000006,85.14448943275525,False,True,False
segment0,random_forest,ridge,0.0,none,-0.020262203951743385,0.9946556506999986,0.9946556506999986,0.9964641357967948,0.0,0.0018084850967962085,0.0018084850967962085,3.2022751000000014,33.744479600000005,30.542204500000004,90.51022526363097,True,False,False
shuttle-c0-vs-c4,random_forest,ridge,0.0,none,-0.04635674777260923,1.0,1.0,1.0,0.0,0.0,0.0,3.1392646999999982,23.252858400000004,20.113593700000006,86.49944602079546,True,False,True
vehicle2,random_forest,ridge,0.0,none,-0.024435264004114,0.9860331250103184,0.9860331250103184,0.9860331250103184,0.0,0.0,0.0,3.948806399999999,26.958349599999995,23.009543199999996,85.35219529907721,True,False,True
vowel0,random_forest,ridge,0.0,adasyn,0.013367809611755543,0.9125866035090584,0.8618523657405914,0.9125866035090584,-0.05073423776846697,0.0,0.05073423776846697,2.7080026000000004,18.800692899999998,16.092690299999997,85.59626172075816,False,False,False
wisconsin,random_forest,ridge,0.0,smote_enn,0.02795542013302099,0.9695724860430164,0.9664322407760628,0.9760671661141908,-0.0031402452669535563,0.006494680071174375,0.009634925338127931,3.139296800000004,30.321272399999998,27.181975599999994,89.64655322314243,False,False,False
yeast1,random_forest,ridge,0.0,smote_enn,0.005594356087582519,0.7063534771707733,0.692720050732675,0.7315821634877828,-0.013633426438098395,0.025228686317009474,0.03886211275510787,3.790132399999997,29.201667399999995,25.411534999999997,87.02083566639075,False,False,False
ecoli-0_vs_1,random_forest,ridge,0.005,none,-0.0010477755413323964,0.9899488304093568,0.9899488304093568,0.9899488304093568,0.0,0.0,0.0,3.915239399999999,24.150073400000004,20.234834000000006,83.78787784553899,True,False,True
glass1,random_forest,ridge,0.005,none,-0.033232633999077055,0.8335967090576166,0.8335967090576166,0.8572169916228037,0.0,0.023620282565187112,0.023620282565187112,3.2704950000000004,28.071075199999996,24.800580199999995,88.34923501612079,True,False,False
haberman,random_forest,ridge,0.005,none,0.0024509413813036396,0.529559748427673,0.529559748427673,0.655656819221685,0.0,0.126097070794012,0.126097070794012,3.2899539000000004,25.6776669,22.387712999999998,87.18748898483452,True,False,False
iris0,random_forest,ridge,0.005,none,0.0,1.0,1.0,1.0,0.0,0.0,0.0,4.362116699999998,23.793170899999996,19.4310542,81.66651801757118,True,False,True
page-blocks0,random_forest,ridge,0.005,smote_enn,0.051372211865139406,0.9345174973488866,0.9108186285586148,0.9345174973488866,-0.02369886879027172,0.0,0.02369886879027172,6.665589199999999,38.514595,31.8490058,82.69334209537969,False,False,False
pima,random_forest,ridge,0.005,smote_tomek,0.01696017780006709,0.7354267425456938,0.7390417940876657,0.7431733533861193,0.0036150515419718365,0.007746610840425494,0.0041315592984536575,4.433129900000001,29.841652900000007,25.408523000000006,85.14448943275525,False,True,False
segment0,random_forest,ridge,0.005,none,-0.020262203951743385,0.9946556506999986,0.9946556506999986,0.9964641357967948,0.0,0.0018084850967962085,0.0018084850967962085,3.2022751000000014,33.744479600000005,30.542204500000004,90.51022526363097,True,False,False
shuttle-c0-vs-c4,random_forest,ridge,0.005,none,-0.04635674777260923,1.0,1.0,1.0,0.0,0.0,0.0,3.1392646999999982,23.252858400000004,20.113593700000006,86.49944602079546,True,False,True
vehicle2,random_forest,ridge,0.005,none,-0.024435264004114,0.9860331250103184,0.9860331250103184,0.9860331250103184,0.0,0.0,0.0,3.948806399999999,26.958349599999995,23.009543199999996,85.35219529907721,True,False,True
vowel0,random_forest,ridge,0.005,adasyn,0.013367809611755543,0.9125866035090584,0.8618523657405914,0.9125866035090584,-0.05073423776846697,0.0,0.05073423776846697,2.7080026000000004,18.800692899999998,16.092690299999997,85.59626172075816,False,False,False
wisconsin,random_forest,ridge,0.005,smote_enn,0.02795542013302099,0.9695724860430164,0.9664322407760628,0.9760671661141908,-0.0031402452669535563,0.006494680071174375,0.009634925338127931,3.139296800000004,30.321272399999998,27.181975599999994,89.64655322314243,False,False,False
yeast1,random_forest,ridge,0.005,smote_enn,0.005594356087582519,0.7063534771707733,0.692720050732675,0.7315821634877828,-0.013633426438098395,0.025228686317009474,0.03886211275510787,3.790132399999997,29.201667399999995,25.411534999999997,87.02083566639075,False,False,False
ecoli-0_vs_1,random_forest,ridge,0.01,none,-0.0010477755413323964,0.9899488304093568,0.9899488304093568,0.9899488304093568,0.0,0.0,0.0,3.915239399999999,24.150073400000004,20.234834000000006,83.78787784553899,True,False,True
glass1,random_forest,ridge,0.01,none,-0.033232633999077055,0.8335967090576166,0.8335967090576166,0.8572169916228037,0.0,0.023620282565187112,0.023620282565187112,3.2704950000000004,28.071075199999996,24.800580199999995,88.34923501612079,True,False,False
haberman,random_forest,ridge,0.01,none,0.0024509413813036396,0.529559748427673,0.529559748427673,0.655656819221685,0.0,0.126097070794012,0.126097070794012,3.2899539000000004,25.6776669,22.387712999999998,87.18748898483452,True,False,False
iris0,random_forest,ridge,0.01,none,0.0,1.0,1.0,1.0,0.0,0.0,0.0,4.362116699999998,23.793170899999996,19.4310542,81.66651801757118,True,False,True
page-blocks0,random_forest,ridge,0.01,smote_enn,0.051372211865139406,0.9345174973488866,0.9108186285586148,0.9345174973488866,-0.02369886879027172,0.0,0.02369886879027172,6.665589199999999,38.514595,31.8490058,82.69334209537969,False,False,False
pima,random_forest,ridge,0.01,smote_tomek,0.01696017780006709,0.7354267425456938,0.7390417940876657,0.7431733533861193,0.0036150515419718365,0.007746610840425494,0.0041315592984536575,4.433129900000001,29.841652900000007,25.408523000000006,85.14448943275525,False,True,False
segment0,random_forest,ridge,0.01,none,-0.020262203951743385,0.9946556506999986,0.9946556506999986,0.9964641357967948,0.0,0.0018084850967962085,0.0018084850967962085,3.2022751000000014,33.744479600000005,30.542204500000004,90.51022526363097,True,False,False
shuttle-c0-vs-c4,random_forest,ridge,0.01,none,-0.04635674777260923,1.0,1.0,1.0,0.0,0.0,0.0,3.1392646999999982,23.252858400000004,20.113593700000006,86.49944602079546,True,False,True
vehicle2,random_forest,ridge,0.01,none,-0.024435264004114,0.9860331250103184,0.9860331250103184,0.9860331250103184,0.0,0.0,0.0,3.948806399999999,26.958349599999995,23.009543199999996,85.35219529907721,True,False,True
vowel0,random_forest,ridge,0.01,adasyn,0.013367809611755543,0.9125866035090584,0.8618523657405914,0.9125866035090584,-0.05073423776846697,0.0,0.05073423776846697,2.7080026000000004,18.800692899999998,16.092690299999997,85.59626172075816,False,False,False
wisconsin,random_forest,ridge,0.01,smote_enn,0.02795542013302099,0.9695724860430164,0.9664322407760628,0.9760671661141908,-0.0031402452669535563,0.006494680071174375,0.009634925338127931,3.139296800000004,30.321272399999998,27.181975599999994,89.64655322314243,False,False,False
yeast1,random_forest,ridge,0.01,none,0.0024841778443264184,0.7063534771707733,0.7063534771707733,0.7315821634877828,0.0,0.025228686317009474,0.025228686317009474,3.9407538,29.201667399999995,25.260913599999995,86.5050384074986,True,False,False
ecoli-0_vs_1,random_forest,ridge,0.015,none,-0.0010477755413323964,0.9899488304093568,0.9899488304093568,0.9899488304093568,0.0,0.0,0.0,3.915239399999999,24.150073400000004,20.234834000000006,83.78787784553899,True,False,True
glass1,random_forest,ridge,0.015,none,-0.033232633999077055,0.8335967090576166,0.8335967090576166,0.8572169916228037,0.0,0.023620282565187112,0.023620282565187112,3.2704950000000004,28.071075199999996,24.800580199999995,88.34923501612079,True,False,False
haberman,random_forest,ridge,0.015,none,0.0024509413813036396,0.529559748427673,0.529559748427673,0.655656819221685,0.0,0.126097070794012,0.126097070794012,3.2899539000000004,25.6776669,22.387712999999998,87.18748898483452,True,False,False
iris0,random_forest,ridge,0.015,none,0.0,1.0,1.0,1.0,0.0,0.0,0.0,4.362116699999998,23.793170899999996,19.4310542,81.66651801757118,True,False,True
page-blocks0,random_forest,ridge,0.015,smote_enn,0.051372211865139406,0.9345174973488866,0.9108186285586148,0.9345174973488866,-0.02369886879027172,0.0,0.02369886879027172,6.665589199999999,38.514595,31.8490058,82.69334209537969,False,False,False
pima,random_forest,ridge,0.015,smote_tomek,0.01696017780006709,0.7354267425456938,0.7390417940876657,0.7431733533861193,0.0036150515419718365,0.007746610840425494,0.0041315592984536575,4.433129900000001,29.841652900000007,25.408523000000006,85.14448943275525,False,True,False
segment0,random_forest,ridge,0.015,none,-0.020262203951743385,0.9946556506999986,0.9946556506999986,0.9964641357967948,0.0,0.0018084850967962085,0.0018084850967962085,3.2022751000000014,33.744479600000005,30.542204500000004,90.51022526363097,True,False,False
shuttle-c0-vs-c4,random_forest,ridge,0.015,none,-0.04635674777260923,1.0,1.0,1.0,0.0,0.0,0.0,3.1392646999999982,23.252858400000004,20.113593700000006,86.49944602079546,True,False,True
vehicle2,random_forest,ridge,0.015,none,-0.024435264004114,0.9860331250103184,0.9860331250103184,0.9860331250103184,0.0,0.0,0.0,3.948806399999999,26.958349599999995,23.009543199999996,85.35219529907721,True,False,True
vowel0,random_forest,ridge,0.015,none,0.009129081415477969,0.9125866035090584,0.9125866035090584,0.9125866035090584,0.0,0.0,0.0,2.5871901999999984,18.800692899999998,16.2135027,86.2388571859498,True,False,True
wisconsin,random_forest,ridge,0.015,smote_enn,0.02795542013302099,0.9695724860430164,0.9664322407760628,0.9760671661141908,-0.0031402452669535563,0.006494680071174375,0.009634925338127931,3.139296800000004,30.321272399999998,27.181975599999994,89.64655322314243,False,False,False
yeast1,random_forest,ridge,0.015,none,0.0024841778443264184,0.7063534771707733,0.7063534771707733,0.7315821634877828,0.0,0.025228686317009474,0.025228686317009474,3.9407538,29.201667399999995,25.260913599999995,86.5050384074986,True,False,False
ecoli-0_vs_1,random_forest,ridge,0.02,none,-0.0010477755413323964,0.9899488304093568,0.9899488304093568,0.9899488304093568,0.0,0.0,0.0,3.915239399999999,24.150073400000004,20.234834000000006,83.78787784553899,True,False,True
glass1,random_forest,ridge,0.02,none,-0.033232633999077055,0.8335967090576166,0.8335967090576166,0.8572169916228037,0.0,0.023620282565187112,0.023620282565187112,3.2704950000000004,28.071075199999996,24.800580199999995,88.34923501612079,True,False,False
haberman,random_forest,ridge,0.02,none,0.0024509413813036396,0.529559748427673,0.529559748427673,0.655656819221685,0.0,0.126097070794012,0.126097070794012,3.2899539000000004,25.6776669,22.387712999999998,87.18748898483452,True,False,False
iris0,random_forest,ridge,0.02,none,0.0,1.0,1.0,1.0,0.0,0.0,0.0,4.362116699999998,23.793170899999996,19.4310542,81.66651801757118,True,False,True
page-blocks0,random_forest,ridge,0.02,smote_enn,0.051372211865139406,0.9345174973488866,0.9108186285586148,0.9345174973488866,-0.02369886879027172,0.0,0.02369886879027172,6.665589199999999,38.514595,31.8490058,82.69334209537969,False,False,False
pima,random_forest,ridge,0.02,none,0.015595072013877442,0.7354267425456938,0.7354267425456938,0.7431733533861193,0.0,0.007746610840425494,0.007746610840425494,3.5931651,29.841652900000007,26.248487800000007,87.95922896080599,True,False,False
segment0,random_forest,ridge,0.02,none,-0.020262203951743385,0.9946556506999986,0.9946556506999986,0.9964641357967948,0.0,0.0018084850967962085,0.0018084850967962085,3.2022751000000014,33.744479600000005,30.542204500000004,90.51022526363097,True,False,False
shuttle-c0-vs-c4,random_forest,ridge,0.02,none,-0.04635674777260923,1.0,1.0,1.0,0.0,0.0,0.0,3.1392646999999982,23.252858400000004,20.113593700000006,86.49944602079546,True,False,True
vehicle2,random_forest,ridge,0.02,none,-0.024435264004114,0.9860331250103184,0.9860331250103184,0.9860331250103184,0.0,0.0,0.0,3.948806399999999,26.958349599999995,23.009543199999996,85.35219529907721,True,False,True
vowel0,random_forest,ridge,0.02,none,0.009129081415477969,0.9125866035090584,0.9125866035090584,0.9125866035090584,0.0,0.0,0.0,2.5871901999999984,18.800692899999998,16.2135027,86.2388571859498,True,False,True
wisconsin,random_forest,ridge,0.02,smote_enn,0.02795542013302099,0.9695724860430164,0.9664322407760628,0.9760671661141908,-0.0031402452669535563,0.006494680071174375,0.009634925338127931,3.139296800000004,30.321272399999998,27.181975599999994,89.64655322314243,False,False,False
yeast1,random_forest,ridge,0.02,none,0.0024841778443264184,0.7063534771707733,0.7063534771707733,0.7315821634877828,0.0,0.025228686317009474,0.025228686317009474,3.9407538,29.201667399999995,25.260913599999995,86.5050384074986,True,False,False
ecoli-0_vs_1,xgboost,ridge,0.0,adasyn,0.0011953753815932,0.98001998001998,0.975099037917374,0.9899488304093568,-0.004920942102606074,0.009928850389376742,0.014849792491982816,1.0988431999999977,7.87697159999999,6.778128399999993,86.04992812212248,False,False,False
glass1,xgboost,ridge,0.0,none,-0.012405787962456394,0.8174728889971976,0.8174728889971976,0.8275665939899517,0.0,0.010093704992754082,0.010093704992754082,1.4041612999999984,9.6801854,8.2760241,85.49447926896111,True,False,False
haberman,xgboost,ridge,0.0,ros,0.006455825602267318,0.550908090258668,0.557703783267693,0.6397174254317111,0.006795693009024939,0.08880933517304301,0.08201364216401807,1.4859182000000004,8.419521400000008,6.933603200000007,82.35151228429683,False,True,False
iris0,xgboost,ridge,0.0,none,0.0,1.0,1.0,1.0,0.0,0.0,0.0,0.983847400000002,6.3298311,5.345983699999998,84.45697231952994,True,False,True
page-blocks0,xgboost,ridge,0.0,adasyn,0.026147741874825048,0.9305993992368964,0.9126112189393464,0.9305993992368964,-0.017988180297550005,0.0,0.017988180297550005,5.967174700000001,34.46027029999999,28.49309559999999,82.68390048002613,False,False,False
pima,xgboost,ridge,0.0,adasyn,0.014941244342564941,0.7361390827659384,0.7304530785692559,0.7361390827659384,-0.005686004196682526,0.0,0.005686004196682526,1.719032299999995,10.513094800000012,8.794062500000017,83.64865595999387,False,False,False
segment0,xgboost,ridge,0.0,none,-0.009671739571115001,0.992910361224468,0.992910361224468,0.992910361224468,0.0,0.0,0.0,2.632413900000003,22.42828750000003,19.79587360000003,88.26297415707731,True,False,True
shuttle-c0-vs-c4,xgboost,ridge,0.0,none,-0.02777930397866557,1.0,1.0,1.0,0.0,0.0,0.0,1.7991220999999982,12.330556800000004,10.531434700000005,85.4092387782521,True,False,True
vehicle2,xgboost,ridge,0.0,none,-0.017655514690896656,0.9767920335774832,0.9767920335774832,0.9815166808677984,0.0,0.004724647290315187,0.004724647290315187,1.7943633999999946,11.9388395,10.144476100000006,84.97037002633301,True,False,False
vowel0,xgboost,ridge,0.0,adasyn,0.01184683450598556,0.9107273731238392,0.9084482413322056,0.9107273731238392,-0.0022791317916336373,0.0,0.0022791317916336373,1.8552600999999955,12.33758919999999,10.482329099999994,84.96253952109221,False,False,False
wisconsin,xgboost,ridge,0.0,adasyn,0.01414235966785371,0.9663060713908171,0.9614559819413092,0.9680009744944807,-0.004850089449507933,0.001694903103663603,0.006544992553171536,1.3827987999999962,9.512048,8.129249200000004,85.46265956605774,False,False,False
yeast1,xgboost,ridge,0.0,none,-0.005883829858952083,0.6963947375929667,0.6963947375929667,0.7104116832431071,0.0,0.014016945650140444,0.014016945650140444,1.655627199999998,11.614015199999997,9.958388,85.74457522666236,True,False,False
ecoli-0_vs_1,xgboost,ridge,0.005,none,-0.0019302131800956746,0.98001998001998,0.98001998001998,0.9899488304093568,0.0,0.009928850389376742,0.009928850389376742,1.1138825999999966,7.87697159999999,6.763088999999994,85.85899941546066,True,False,False
glass1,xgboost,ridge,0.005,none,-0.012405787962456394,0.8174728889971976,0.8174728889971976,0.8275665939899517,0.0,0.010093704992754082,0.010093704992754082,1.4041612999999984,9.6801854,8.2760241,85.49447926896111,True,False,False
haberman,xgboost,ridge,0.005,ros,0.006455825602267318,0.550908090258668,0.557703783267693,0.6397174254317111,0.006795693009024939,0.08880933517304301,0.08201364216401807,1.4859182000000004,8.419521400000008,6.933603200000007,82.35151228429683,False,True,False
iris0,xgboost,ridge,0.005,none,0.0,1.0,1.0,1.0,0.0,0.0,0.0,0.983847400000002,6.3298311,5.345983699999998,84.45697231952994,True,False,True
page-blocks0,xgboost,ridge,0.005,adasyn,0.026147741874825048,0.9305993992368964,0.9126112189393464,0.9305993992368964,-0.017988180297550005,0.0,0.017988180297550005,5.967174700000001,34.46027029999999,28.49309559999999,82.68390048002613,False,False,False
pima,xgboost,ridge,0.005,adasyn,0.014941244342564941,0.7361390827659384,0.7304530785692559,0.7361390827659384,-0.005686004196682526,0.0,0.005686004196682526,1.719032299999995,10.513094800000012,8.794062500000017,83.64865595999387,False,False,False
segment0,xgboost,ridge,0.005,none,-0.009671739571115001,0.992910361224468,0.992910361224468,0.992910361224468,0.0,0.0,0.0,2.632413900000003,22.42828750000003,19.79587360000003,88.26297415707731,True,False,True
shuttle-c0-vs-c4,xgboost,ridge,0.005,none,-0.02777930397866557,1.0,1.0,1.0,0.0,0.0,0.0,1.7991220999999982,12.330556800000004,10.531434700000005,85.4092387782521,True,False,True
vehicle2,xgboost,ridge,0.005,none,-0.017655514690896656,0.9767920335774832,0.9767920335774832,0.9815166808677984,0.0,0.004724647290315187,0.004724647290315187,1.7943633999999946,11.9388395,10.144476100000006,84.97037002633301,True,False,False
vowel0,xgboost,ridge,0.005,adasyn,0.01184683450598556,0.9107273731238392,0.9084482413322056,0.9107273731238392,-0.0022791317916336373,0.0,0.0022791317916336373,1.8552600999999955,12.33758919999999,10.482329099999994,84.96253952109221,False,False,False
wisconsin,xgboost,ridge,0.005,adasyn,0.01414235966785371,0.9663060713908171,0.9614559819413092,0.9680009744944807,-0.004850089449507933,0.001694903103663603,0.006544992553171536,1.3827987999999962,9.512048,8.129249200000004,85.46265956605774,False,False,False
yeast1,xgboost,ridge,0.005,none,-0.005883829858952083,0.6963947375929667,0.6963947375929667,0.7104116832431071,0.0,0.014016945650140444,0.014016945650140444,1.655627199999998,11.614015199999997,9.958388,85.74457522666236,True,False,False
ecoli-0_vs_1,xgboost,ridge,0.01,none,-0.0019302131800956746,0.98001998001998,0.98001998001998,0.9899488304093568,0.0,0.009928850389376742,0.009928850389376742,1.1138825999999966,7.87697159999999,6.763088999999994,85.85899941546066,True,False,False
glass1,xgboost,ridge,0.01,none,-0.012405787962456394,0.8174728889971976,0.8174728889971976,0.8275665939899517,0.0,0.010093704992754082,0.010093704992754082,1.4041612999999984,9.6801854,8.2760241,85.49447926896111,True,False,False
haberman,xgboost,ridge,0.01,none,0.005119482469469694,0.550908090258668,0.550908090258668,0.6397174254317111,0.0,0.08880933517304301,0.08880933517304301,1.2656604000000016,8.419521400000008,7.153861000000006,84.96754934312537,True,False,False
iris0,xgboost,ridge,0.01,none,0.0,1.0,1.0,1.0,0.0,0.0,0.0,0.983847400000002,6.3298311,5.345983699999998,84.45697231952994,True,False,True
page-blocks0,xgboost,ridge,0.01,adasyn,0.026147741874825048,0.9305993992368964,0.9126112189393464,0.9305993992368964,-0.017988180297550005,0.0,0.017988180297550005,5.967174700000001,34.46027029999999,28.49309559999999,82.68390048002613,False,False,False
pima,xgboost,ridge,0.01,adasyn,0.014941244342564941,0.7361390827659384,0.7304530785692559,0.7361390827659384,-0.005686004196682526,0.0,0.005686004196682526,1.719032299999995,10.513094800000012,8.794062500000017,83.64865595999387,False,False,False
segment0,xgboost,ridge,0.01,none,-0.009671739571115001,0.992910361224468,0.992910361224468,0.992910361224468,0.0,0.0,0.0,2.632413900000003,22.42828750000003,19.79587360000003,88.26297415707731,True,False,True
shuttle-c0-vs-c4,xgboost,ridge,0.01,none,-0.02777930397866557,1.0,1.0,1.0,0.0,0.0,0.0,1.7991220999999982,12.330556800000004,10.531434700000005,85.4092387782521,True,False,True
vehicle2,xgboost,ridge,0.01,none,-0.017655514690896656,0.9767920335774832,0.9767920335774832,0.9815166808677984,0.0,0.004724647290315187,0.004724647290315187,1.7943633999999946,11.9388395,10.144476100000006,84.97037002633301,True,False,False
vowel0,xgboost,ridge,0.01,adasyn,0.01184683450598556,0.9107273731238392,0.9084482413322056,0.9107273731238392,-0.0022791317916336373,0.0,0.0022791317916336373,1.8552600999999955,12.33758919999999,10.482329099999994,84.96253952109221,False,False,False
wisconsin,xgboost,ridge,0.01,adasyn,0.01414235966785371,0.9663060713908171,0.9614559819413092,0.9680009744944807,-0.004850089449507933,0.001694903103663603,0.006544992553171536,1.3827987999999962,9.512048,8.129249200000004,85.46265956605774,False,False,False
yeast1,xgboost,ridge,0.01,none,-0.005883829858952083,0.6963947375929667,0.6963947375929667,0.7104116832431071,0.0,0.014016945650140444,0.014016945650140444,1.655627199999998,11.614015199999997,9.958388,85.74457522666236,True,False,False
ecoli-0_vs_1,xgboost,ridge,0.015,none,-0.0019302131800956746,0.98001998001998,0.98001998001998,0.9899488304093568,0.0,0.009928850389376742,0.009928850389376742,1.1138825999999966,7.87697159999999,6.763088999999994,85.85899941546066,True,False,False
glass1,xgboost,ridge,0.015,none,-0.012405787962456394,0.8174728889971976,0.8174728889971976,0.8275665939899517,0.0,0.010093704992754082,0.010093704992754082,1.4041612999999984,9.6801854,8.2760241,85.49447926896111,True,False,False
haberman,xgboost,ridge,0.015,none,0.005119482469469694,0.550908090258668,0.550908090258668,0.6397174254317111,0.0,0.08880933517304301,0.08880933517304301,1.2656604000000016,8.419521400000008,7.153861000000006,84.96754934312537,True,False,False
iris0,xgboost,ridge,0.015,none,0.0,1.0,1.0,1.0,0.0,0.0,0.0,0.983847400000002,6.3298311,5.345983699999998,84.45697231952994,True,False,True
page-blocks0,xgboost,ridge,0.015,adasyn,0.026147741874825048,0.9305993992368964,0.9126112189393464,0.9305993992368964,-0.017988180297550005,0.0,0.017988180297550005,5.967174700000001,34.46027029999999,28.49309559999999,82.68390048002613,False,False,False
pima,xgboost,ridge,0.015,none,0.011562427536936482,0.7361390827659384,0.7361390827659384,0.7361390827659384,0.0,0.0,0.0,1.5505666000000031,10.513094800000012,8.962528200000008,85.25109276100125,True,False,True
segment0,xgboost,ridge,0.015,none,-0.009671739571115001,0.992910361224468,0.992910361224468,0.992910361224468,0.0,0.0,0.0,2.632413900000003,22.42828750000003,19.79587360000003,88.26297415707731,True,False,True
shuttle-c0-vs-c4,xgboost,ridge,0.015,none,-0.02777930397866557,1.0,1.0,1.0,0.0,0.0,0.0,1.7991220999999982,12.330556800000004,10.531434700000005,85.4092387782521,True,False,True
vehicle2,xgboost,ridge,0.015,none,-0.017655514690896656,0.9767920335774832,0.9767920335774832,0.9815166808677984,0.0,0.004724647290315187,0.004724647290315187,1.7943633999999946,11.9388395,10.144476100000006,84.97037002633301,True,False,False
vowel0,xgboost,ridge,0.015,none,0.008282185053594016,0.9107273731238392,0.9107273731238392,0.9107273731238392,0.0,0.0,0.0,1.841429999999996,12.33758919999999,10.496159199999994,85.07463678560478,True,False,True
wisconsin,xgboost,ridge,0.015,none,0.010834148994094073,0.9663060713908171,0.9663060713908171,0.9680009744944807,0.0,0.001694903103663603,0.001694903103663603,1.5858355999999958,9.512048,7.926212400000004,83.32813711621309,True,False,False
yeast1,xgboost,ridge,0.015,none,-0.005883829858952083,0.6963947375929667,0.6963947375929667,0.7104116832431071,0.0,0.014016945650140444,0.014016945650140444,1.655627199999998,11.614015199999997,9.958388,85.74457522666236,True,False,False
ecoli-0_vs_1,xgboost,ridge,0.02,none,-0.0019302131800956746,0.98001998001998,0.98001998001998,0.9899488304093568,0.0,0.009928850389376742,0.009928850389376742,1.1138825999999966,7.87697159999999,6.763088999999994,85.85899941546066,True,False,False
glass1,xgboost,ridge,0.02,none,-0.012405787962456394,0.8174728889971976,0.8174728889971976,0.8275665939899517,0.0,0.010093704992754082,0.010093704992754082,1.4041612999999984,9.6801854,8.2760241,85.49447926896111,True,False,False
haberman,xgboost,ridge,0.02,none,0.005119482469469694,0.550908090258668,0.550908090258668,0.6397174254317111,0.0,0.08880933517304301,0.08880933517304301,1.2656604000000016,8.419521400000008,7.153861000000006,84.96754934312537,True,False,False
iris0,xgboost,ridge,0.02,none,0.0,1.0,1.0,1.0,0.0,0.0,0.0,0.983847400000002,6.3298311,5.345983699999998,84.45697231952994,True,False,True
page-blocks0,xgboost,ridge,0.02,adasyn,0.026147741874825048,0.9305993992368964,0.9126112189393464,0.9305993992368964,-0.017988180297550005,0.0,0.017988180297550005,5.967174700000001,34.46027029999999,28.49309559999999,82.68390048002613,False,False,False
pima,xgboost,ridge,0.02,none,0.011562427536936482,0.7361390827659384,0.7361390827659384,0.7361390827659384,0.0,0.0,0.0,1.5505666000000031,10.513094800000012,8.962528200000008,85.25109276100125,True,False,True
segment0,xgboost,ridge,0.02,none,-0.009671739571115001,0.992910361224468,0.992910361224468,0.992910361224468,0.0,0.0,0.0,2.632413900000003,22.42828750000003,19.79587360000003,88.26297415707731,True,False,True
shuttle-c0-vs-c4,xgboost,ridge,0.02,none,-0.02777930397866557,1.0,1.0,1.0,0.0,0.0,0.0,1.7991220999999982,12.330556800000004,10.531434700000005,85.4092387782521,True,False,True
vehicle2,xgboost,ridge,0.02,none,-0.017655514690896656,0.9767920335774832,0.9767920335774832,0.9815166808677984,0.0,0.004724647290315187,0.004724647290315187,1.7943633999999946,11.9388395,10.144476100000006,84.97037002633301,True,False,False
vowel0,xgboost,ridge,0.02,none,0.008282185053594016,0.9107273731238392,0.9107273731238392,0.9107273731238392,0.0,0.0,0.0,1.841429999999996,12.33758919999999,10.496159199999994,85.07463678560478,True,False,True
wisconsin,xgboost,ridge,0.02,none,0.010834148994094073,0.9663060713908171,0.9663060713908171,0.9680009744944807,0.0,0.001694903103663603,0.001694903103663603,1.5858355999999958,9.512048,7.926212400000004,83.32813711621309,True,False,False
yeast1,xgboost,ridge,0.02,none,-0.005883829858952083,0.6963947375929667,0.6963947375929667,0.7104116832431071,0.0,0.014016945650140444,0.014016945650140444,1.655627199999998,11.614015199999997,9.958388,85.74457522666236,True,False,False
ecoli-0_vs_1,logistic_regression,random_forest,0.0,adasyn,0.020102339181286788,0.9798976608187132,0.9702058504875406,0.9849695975951356,-0.009691810331172612,0.00507193677642237,0.014763747107594982,0.1576374999999998,1.0172460999999973,0.8596085999999975,84.50350411763681,False,False,False
glass1,logistic_regression,random_forest,0.0,smote_tomek,0.0023103502779335816,0.5015185021376971,0.5958717610891524,0.61023457900858,0.0943532589514553,0.10871607687088292,0.014362817919427617,0.1421527999999998,1.0580544999999988,0.9159016999999989,86.56469964448901,False,True,False
haberman,logistic_regression,random_forest,0.0,none,-0.0007282292118926392,0.5344040574809805,0.5344040574809805,0.6425233644859814,0.0,0.10811930700500083,0.10811930700500083,0.0950548000000002,0.8455914999999994,0.7505366999999992,88.75878009653594,True,False,False
iris0,logistic_regression,random_forest,0.0,none,0.0,1.0,1.0,1.0,0.0,0.0,0.0,0.2810267000000017,1.3112554,1.0302286999999983,78.56811876618379,True,False,True
page-blocks0,logistic_regression,random_forest,0.0,rus,0.012550577212938063,0.847852850384496,0.8166609947249479,0.847852850384496,-0.031191855659548073,0.0,0.031191855659548073,0.239505900000001,9.3963722,9.156866299999999,97.45108117364698,False,False,False
pima,logistic_regression,random_forest,0.0,smote_tomek,0.004889159501826779,0.737580065691888,0.7312941855432118,0.737580065691888,-0.0062858801486762594,0.0,0.0062858801486762594,0.2450669999999997,1.3584931999999998,1.1134262000000001,81.96038081015055,False,False,False
segment0,logistic_regression,random_forest,0.0,none,-0.006325331439159032,0.9946556506999986,0.9946556506999986,0.9946556506999986,0.0,0.0,0.0,0.3763151000000002,5.788029100000001,5.411714000000001,93.49838963318274,True,False,True
shuttle-c0-vs-c4,logistic_regression,random_forest,0.0,none,-0.018119167532846037,0.9978126849919576,0.9978126849919576,0.9978126849919576,0.0,0.0,0.0,0.5004019,3.4081883999999985,2.9077864999999985,85.31765732199545,True,False,True
vehicle2,logistic_regression,random_forest,0.0,none,-0.0058214847403279535,0.942049967139062,0.942049967139062,0.9518336381687104,0.0,0.009783671029648389,0.009783671029648389,0.3685033000000004,2.9005068000000014,2.532003500000001,87.29520992676176,True,False,False
vowel0,logistic_regression,random_forest,0.0,ros,0.0006754201571026464,0.8552891556541312,0.7947376782724529,0.8552891556541312,-0.06055147738167832,0.0,0.06055147738167832,0.1826827999999984,2.2967455999999977,2.1140627999999992,92.04601502229943,False,False,False
wisconsin,logistic_regression,random_forest,0.0,smote,0.0013058522904711989,0.9677556415824756,0.9663060713908171,0.9680602319491208,-0.001449570191658478,0.00030459036664520767,0.0017541605583036857,0.1244221000000003,1.2072141000000007,1.0827920000000004,89.69345205626739,False,False,False
yeast1,logistic_regression,random_forest,0.0,none,-0.0029126277346962492,0.6456136985304575,0.6456136985304575,0.6832967627521116,0.0,0.03768306422165413,0.03768306422165413,0.3021811999999997,2.0565516000000006,1.7543704000000009,85.3064129292939,True,False,False
ecoli-0_vs_1,logistic_regression,random_forest,0.005,adasyn,0.020102339181286788,0.9798976608187132,0.9702058504875406,0.9849695975951356,-0.009691810331172612,0.00507193677642237,0.014763747107594982,0.1576374999999998,1.0172460999999973,0.8596085999999975,84.50350411763681,False,False,False
glass1,logistic_regression,random_forest,0.005,none,-5.196329112333586e-06,0.5015185021376971,0.5015185021376971,0.61023457900858,0.0,0.10871607687088292,0.10871607687088292,0.1123254,1.0580544999999988,0.9457290999999988,89.38377937998466,True,False,False
haberman,logistic_regression,random_forest,0.005,none,-0.0007282292118926392,0.5344040574809805,0.5344040574809805,0.6425233644859814,0.0,0.10811930700500083,0.10811930700500083,0.0950548000000002,0.8455914999999994,0.7505366999999992,88.75878009653594,True,False,False
iris0,logistic_regression,random_forest,0.005,none,0.0,1.0,1.0,1.0,0.0,0.0,0.0,0.2810267000000017,1.3112554,1.0302286999999983,78.56811876618379,True,False,True
page-blocks0,logistic_regression,random_forest,0.005,rus,0.012550577212938063,0.847852850384496,0.8166609947249479,0.847852850384496,-0.031191855659548073,0.0,0.031191855659548073,0.239505900000001,9.3963722,9.156866299999999,97.45108117364698,False,False,False
pima,logistic_regression,random_forest,0.005,none,0.0014992713982476813,0.737580065691888,0.737580065691888,0.737580065691888,0.0,0.0,0.0,0.1478462999999998,1.3584931999999998,1.2106469,89.11689068447308,True,False,True
segment0,logistic_regression,random_forest,0.005,none,-0.006325331439159032,0.9946556506999986,0.9946556506999986,0.9946556506999986,0.0,0.0,0.0,0.3763151000000002,5.788029100000001,5.411714000000001,93.49838963318274,True,False,True
shuttle-c0-vs-c4,logistic_regression,random_forest,0.005,none,-0.018119167532846037,0.9978126849919576,0.9978126849919576,0.9978126849919576,0.0,0.0,0.0,0.5004019,3.4081883999999985,2.9077864999999985,85.31765732199545,True,False,True
vehicle2,logistic_regression,random_forest,0.005,none,-0.0058214847403279535,0.942049967139062,0.942049967139062,0.9518336381687104,0.0,0.009783671029648389,0.009783671029648389,0.3685033000000004,2.9005068000000014,2.532003500000001,87.29520992676176,True,False,False
vowel0,logistic_regression,random_forest,0.005,none,-2.892980966873182e-05,0.8552891556541312,0.8552891556541312,0.8552891556541312,0.0,0.0,0.0,0.8367447999999982,2.2967455999999977,1.4600007999999995,63.56824195069759,True,False,True
wisconsin,logistic_regression,random_forest,0.005,none,-0.0017902951168909942,0.9677556415824756,0.9677556415824756,0.9680602319491208,0.0,0.00030459036664520767,0.00030459036664520767,0.1122782000000004,1.2072141000000007,1.0949359000000003,90.69939623799951,True,False,False
yeast1,logistic_regression,random_forest,0.005,none,-0.0029126277346962492,0.6456136985304575,0.6456136985304575,0.6832967627521116,0.0,0.03768306422165413,0.03768306422165413,0.3021811999999997,2.0565516000000006,1.7543704000000009,85.3064129292939,True,False,False
ecoli-0_vs_1,logistic_regression,random_forest,0.01,adasyn,0.020102339181286788,0.9798976608187132,0.9702058504875406,0.9849695975951356,-0.009691810331172612,0.00507193677642237,0.014763747107594982,0.1576374999999998,1.0172460999999973,0.8596085999999975,84.50350411763681,False,False,False
glass1,logistic_regression,random_forest,0.01,none,-5.196329112333586e-06,0.5015185021376971,0.5015185021376971,0.61023457900858,0.0,0.10871607687088292,0.10871607687088292,0.1123254,1.0580544999999988,0.9457290999999988,89.38377937998466,True,False,False
haberman,logistic_regression,random_forest,0.01,none,-0.0007282292118926392,0.5344040574809805,0.5344040574809805,0.6425233644859814,0.0,0.10811930700500083,0.10811930700500083,0.0950548000000002,0.8455914999999994,0.7505366999999992,88.75878009653594,True,False,False
iris0,logistic_regression,random_forest,0.01,none,0.0,1.0,1.0,1.0,0.0,0.0,0.0,0.2810267000000017,1.3112554,1.0302286999999983,78.56811876618379,True,False,True
page-blocks0,logistic_regression,random_forest,0.01,rus,0.012550577212938063,0.847852850384496,0.8166609947249479,0.847852850384496,-0.031191855659548073,0.0,0.031191855659548073,0.239505900000001,9.3963722,9.156866299999999,97.45108117364698,False,False,False
pima,logistic_regression,random_forest,0.01,none,0.0014992713982476813,0.737580065691888,0.737580065691888,0.737580065691888,0.0,0.0,0.0,0.1478462999999998,1.3584931999999998,1.2106469,89.11689068447308,True,False,True
segment0,logistic_regression,random_forest,0.01,none,-0.006325331439159032,0.9946556506999986,0.9946556506999986,0.9946556506999986,0.0,0.0,0.0,0.3763151000000002,5.788029100000001,5.411714000000001,93.49838963318274,True,False,True
shuttle-c0-vs-c4,logistic_regression,random_forest,0.01,none,-0.018119167532846037,0.9978126849919576,0.9978126849919576,0.9978126849919576,0.0,0.0,0.0,0.5004019,3.4081883999999985,2.9077864999999985,85.31765732199545,True,False,True
vehicle2,logistic_regression,random_forest,0.01,none,-0.0058214847403279535,0.942049967139062,0.942049967139062,0.9518336381687104,0.0,0.009783671029648389,0.009783671029648389,0.3685033000000004,2.9005068000000014,2.532003500000001,87.29520992676176,True,False,False
vowel0,logistic_regression,random_forest,0.01,none,-2.892980966873182e-05,0.8552891556541312,0.8552891556541312,0.8552891556541312,0.0,0.0,0.0,0.8367447999999982,2.2967455999999977,1.4600007999999995,63.56824195069759,True,False,True
wisconsin,logistic_regression,random_forest,0.01,none,-0.0017902951168909942,0.9677556415824756,0.9677556415824756,0.9680602319491208,0.0,0.00030459036664520767,0.00030459036664520767,0.1122782000000004,1.2072141000000007,1.0949359000000003,90.69939623799951,True,False,False
yeast1,logistic_regression,random_forest,0.01,none,-0.0029126277346962492,0.6456136985304575,0.6456136985304575,0.6832967627521116,0.0,0.03768306422165413,0.03768306422165413,0.3021811999999997,2.0565516000000006,1.7543704000000009,85.3064129292939,True,False,False
ecoli-0_vs_1,logistic_regression,random_forest,0.015,adasyn,0.020102339181286788,0.9798976608187132,0.9702058504875406,0.9849695975951356,-0.009691810331172612,0.00507193677642237,0.014763747107594982,0.1576374999999998,1.0172460999999973,0.8596085999999975,84.50350411763681,False,False,False
glass1,logistic_regression,random_forest,0.015,none,-5.196329112333586e-06,0.5015185021376971,0.5015185021376971,0.61023457900858,0.0,0.10871607687088292,0.10871607687088292,0.1123254,1.0580544999999988,0.9457290999999988,89.38377937998466,True,False,False
haberman,logistic_regression,random_forest,0.015,none,-0.0007282292118926392,0.5344040574809805,0.5344040574809805,0.6425233644859814,0.0,0.10811930700500083,0.10811930700500083,0.0950548000000002,0.8455914999999994,0.7505366999999992,88.75878009653594,True,False,False
iris0,logistic_regression,random_forest,0.015,none,0.0,1.0,1.0,1.0,0.0,0.0,0.0,0.2810267000000017,1.3112554,1.0302286999999983,78.56811876618379,True,False,True
page-blocks0,logistic_regression,random_forest,0.015,none,0.004999060818398737,0.847852850384496,0.847852850384496,0.847852850384496,0.0,0.0,0.0,0.5377964999999989,9.3963722,8.858575700000001,94.27655175260087,True,False,True
pima,logistic_regression,random_forest,0.015,none,0.0014992713982476813,0.737580065691888,0.737580065691888,0.737580065691888,0.0,0.0,0.0,0.1478462999999998,1.3584931999999998,1.2106469,89.11689068447308,True,False,True
segment0,logistic_regression,random_forest,0.015,none,-0.006325331439159032,0.9946556506999986,0.9946556506999986,0.9946556506999986,0.0,0.0,0.0,0.3763151000000002,5.788029100000001,5.411714000000001,93.49838963318274,True,False,True
shuttle-c0-vs-c4,logistic_regression,random_forest,0.015,none,-0.018119167532846037,0.9978126849919576,0.9978126849919576,0.9978126849919576,0.0,0.0,0.0,0.5004019,3.4081883999999985,2.9077864999999985,85.31765732199545,True,False,True
vehicle2,logistic_regression,random_forest,0.015,none,-0.0058214847403279535,0.942049967139062,0.942049967139062,0.9518336381687104,0.0,0.009783671029648389,0.009783671029648389,0.3685033000000004,2.9005068000000014,2.532003500000001,87.29520992676176,True,False,False
vowel0,logistic_regression,random_forest,0.015,none,-2.892980966873182e-05,0.8552891556541312,0.8552891556541312,0.8552891556541312,0.0,0.0,0.0,0.8367447999999982,2.2967455999999977,1.4600007999999995,63.56824195069759,True,False,True
wisconsin,logistic_regression,random_forest,0.015,none,-0.0017902951168909942,0.9677556415824756,0.9677556415824756,0.9680602319491208,0.0,0.00030459036664520767,0.00030459036664520767,0.1122782000000004,1.2072141000000007,1.0949359000000003,90.69939623799951,True,False,False
yeast1,logistic_regression,random_forest,0.015,none,-0.0029126277346962492,0.6456136985304575,0.6456136985304575,0.6832967627521116,0.0,0.03768306422165413,0.03768306422165413,0.3021811999999997,2.0565516000000006,1.7543704000000009,85.3064129292939,True,False,False
ecoli-0_vs_1,logistic_regression,random_forest,0.02,adasyn,0.020102339181286788,0.9798976608187132,0.9702058504875406,0.9849695975951356,-0.009691810331172612,0.00507193677642237,0.014763747107594982,0.1576374999999998,1.0172460999999973,0.8596085999999975,84.50350411763681,False,False,False
glass1,logistic_regression,random_forest,0.02,none,-5.196329112333586e-06,0.5015185021376971,0.5015185021376971,0.61023457900858,0.0,0.10871607687088292,0.10871607687088292,0.1123254,1.0580544999999988,0.9457290999999988,89.38377937998466,True,False,False
haberman,logistic_regression,random_forest,0.02,none,-0.0007282292118926392,0.5344040574809805,0.5344040574809805,0.6425233644859814,0.0,0.10811930700500083,0.10811930700500083,0.0950548000000002,0.8455914999999994,0.7505366999999992,88.75878009653594,True,False,False
iris0,logistic_regression,random_forest,0.02,none,0.0,1.0,1.0,1.0,0.0,0.0,0.0,0.2810267000000017,1.3112554,1.0302286999999983,78.56811876618379,True,False,True
page-blocks0,logistic_regression,random_forest,0.02,none,0.004999060818398737,0.847852850384496,0.847852850384496,0.847852850384496,0.0,0.0,0.0,0.5377964999999989,9.3963722,8.858575700000001,94.27655175260087,True,False,True
pima,logistic_regression,random_forest,0.02,none,0.0014992713982476813,0.737580065691888,0.737580065691888,0.737580065691888,0.0,0.0,0.0,0.1478462999999998,1.3584931999999998,1.2106469,89.11689068447308,True,False,True
segment0,logistic_regression,random_forest,0.02,none,-0.006325331439159032,0.9946556506999986,0.9946556506999986,0.9946556506999986,0.0,0.0,0.0,0.3763151000000002,5.788029100000001,5.411714000000001,93.49838963318274,True,False,True
shuttle-c0-vs-c4,logistic_regression,random_forest,0.02,none,-0.018119167532846037,0.9978126849919576,0.9978126849919576,0.9978126849919576,0.0,0.0,0.0,0.5004019,3.4081883999999985,2.9077864999999985,85.31765732199545,True,False,True
vehicle2,logistic_regression,random_forest,0.02,none,-0.0058214847403279535,0.942049967139062,0.942049967139062,0.9518336381687104,0.0,0.009783671029648389,0.009783671029648389,0.3685033000000004,2.9005068000000014,2.532003500000001,87.29520992676176,True,False,False
vowel0,logistic_regression,random_forest,0.02,none,-2.892980966873182e-05,0.8552891556541312,0.8552891556541312,0.8552891556541312,0.0,0.0,0.0,0.8367447999999982,2.2967455999999977,1.4600007999999995,63.56824195069759,True,False,True
wisconsin,logistic_regression,random_forest,0.02,none,-0.0017902951168909942,0.9677556415824756,0.9677556415824756,0.9680602319491208,0.0,0.00030459036664520767,0.00030459036664520767,0.1122782000000004,1.2072141000000007,1.0949359000000003,90.69939623799951,True,False,False
yeast1,logistic_regression,random_forest,0.02,none,-0.0029126277346962492,0.6456136985304575,0.6456136985304575,0.6832967627521116,0.0,0.03768306422165413,0.03768306422165413,0.3021811999999997,2.0565516000000006,1.7543704000000009,85.3064129292939,True,False,False
ecoli-0_vs_1,decision_tree,random_forest,0.0,smote_enn,0.0025477200944797884,0.9702058504875406,0.9899488304093568,0.9899488304093568,0.019742979921816173,0.019742979921816173,0.0,0.1294915999999997,0.7773905000000008,0.647898900000001,83.34278589717785,False,True,True
glass1,decision_tree,random_forest,0.0,smote_enn,0.015129391849600382,0.7609506833036244,0.6935513673318552,0.7609506833036244,-0.06739931597176918,0.0,0.06739931597176918,0.1206399000000004,0.7398563999999996,0.6192164999999993,83.69414659385248,False,False,False
haberman,decision_tree,random_forest,0.0,smote_enn,0.002463645459417463,0.5658193101802125,0.6397058823529411,0.6397058823529411,0.07388657217272865,0.07388657217272865,0.0,0.1094745000000001,0.6776106999999986,0.5681361999999984,83.84404201409447,False,True,True
iris0,decision_tree,random_forest,0.0,none,-0.00457313583475738,1.0,1.0,1.0,0.0,0.0,0.0,0.1019786000000024,0.9672043000000058,0.8652257000000034,89.45635374036264,True,False,True
page-blocks0,decision_tree,random_forest,0.0,adasyn,0.005281920600127332,0.9124443797226672,0.897287077342479,0.9124443797226672,-0.015157302380188198,0.0,0.015157302380188198,1.1676313,7.595065100000003,6.427433800000003,84.62644777067152,False,False,False
pima,decision_tree,random_forest,0.0,none,-0.0007547955620270663,0.6715751896474788,0.6715751896474788,0.7012961643040045,0.0,0.02972097465652579,0.02972097465652579,0.1650589,1.4682680999999986,1.3032091999999986,88.75825879483453,True,False,False
segment0,decision_tree,random_forest,0.0,none,-0.001710446646317365,0.9849535772068706,0.9849535772068706,0.989338507021434,0.0,0.004384929814563399,0.004384929814563399,0.3328682,5.426655400000001,5.093787200000001,93.866052375465,True,False,False
shuttle-c0-vs-c4,decision_tree,random_forest,0.0,none,0.0,1.0,1.0,1.0,0.0,0.0,0.0,0.2338208999999995,2.1616400000000002,1.9278191000000007,89.1831711108233,True,False,True
vehicle2,decision_tree,random_forest,0.0,adasyn,0.009537770490550823,0.9507111489807956,0.9460100103020412,0.9507111489807956,-0.004701138678754324,0.0,0.004701138678754324,0.1679624000000004,1.5138356999999996,1.3458732999999992,88.90484614677798,False,False,False
vowel0,decision_tree,random_forest,0.0,smote_enn,0.0004858290087832451,0.8512122885397319,0.850373999157185,0.8828029071650012,-0.0008382893825468196,0.03159061862526935,0.03242890800781617,0.2290269000000009,1.0065831999999975,0.7775562999999965,77.24709691161134,False,False,False
wisconsin,decision_tree,random_forest,0.0,smote_enn,0.014461870208228755,0.953291215956496,0.9469512065958534,0.953291215956496,-0.006340009360642607,0.0,0.006340009360642607,0.1703713999999996,0.9080225999999996,0.7376512,81.2370969621241,False,False,False
yeast1,decision_tree,random_forest,0.0,smote_enn,0.009431237014759453,0.6783822319268029,0.6692266519486466,0.6783822319268029,-0.009155579978156303,0.0,0.009155579978156303,0.5484498000000002,2.4684808,1.9200309999999998,77.78188916843104,False,False,False
ecoli-0_vs_1,decision_tree,random_forest,0.005,none,-0.0008487710483665589,0.9702058504875406,0.9702058504875406,0.9899488304093568,0.0,0.019742979921816173,0.019742979921816173,0.1590112999999995,0.7773905000000008,0.6183792000000012,79.54550512258648,True,False,False
glass1,decision_tree,random_forest,0.005,smote_enn,0.015129391849600382,0.7609506833036244,0.6935513673318552,0.7609506833036244,-0.06739931597176918,0.0,0.06739931597176918,0.1206399000000004,0.7398563999999996,0.6192164999999993,83.69414659385248,False,False,False
haberman,decision_tree,random_forest,0.005,none,-0.0006332364519475719,0.5658193101802125,0.5658193101802125,0.6397058823529411,0.0,0.07388657217272865,0.07388657217272865,0.0980717999999996,0.6776106999999986,0.579538899999999,85.52682240702518,True,False,False
iris0,decision_tree,random_forest,0.005,none,-0.00457313583475738,1.0,1.0,1.0,0.0,0.0,0.0,0.1019786000000024,0.9672043000000058,0.8652257000000034,89.45635374036264,True,False,True
page-blocks0,decision_tree,random_forest,0.005,adasyn,0.005281920600127332,0.9124443797226672,0.897287077342479,0.9124443797226672,-0.015157302380188198,0.0,0.015157302380188198,1.1676313,7.595065100000003,6.427433800000003,84.62644777067152,False,False,False
pima,decision_tree,random_forest,0.005,none,-0.0007547955620270663,0.6715751896474788,0.6715751896474788,0.7012961643040045,0.0,0.02972097465652579,0.02972097465652579,0.1650589,1.4682680999999986,1.3032091999999986,88.75825879483453,True,False,False
segment0,decision_tree,random_forest,0.005,none,-0.001710446646317365,0.9849535772068706,0.9849535772068706,0.989338507021434,0.0,0.004384929814563399,0.004384929814563399,0.3328682,5.426655400000001,5.093787200000001,93.866052375465,True,False,False
shuttle-c0-vs-c4,decision_tree,random_forest,0.005,none,0.0,1.0,1.0,1.0,0.0,0.0,0.0,0.2338208999999995,2.1616400000000002,1.9278191000000007,89.1831711108233,True,False,True
vehicle2,decision_tree,random_forest,0.005,adasyn,0.009537770490550823,0.9507111489807956,0.9460100103020412,0.9507111489807956,-0.004701138678754324,0.0,0.004701138678754324,0.1679624000000004,1.5138356999999996,1.3458732999999992,88.90484614677798,False,False,False
vowel0,decision_tree,random_forest,0.005,none,-0.00029633104695181434,0.8512122885397319,0.8512122885397319,0.8828029071650012,0.0,0.03159061862526935,0.03159061862526935,0.0795946,1.0065831999999975,0.9269885999999975,92.09259602186883,True,False,False
wisconsin,decision_tree,random_forest,0.005,smote_enn,0.014461870208228755,0.953291215956496,0.9469512065958534,0.953291215956496,-0.006340009360642607,0.0,0.006340009360642607,0.1703713999999996,0.9080225999999996,0.7376512,81.2370969621241,False,False,False
yeast1,decision_tree,random_forest,0.005,smote_enn,0.009431237014759453,0.6783822319268029,0.6692266519486466,0.6783822319268029,-0.009155579978156303,0.0,0.009155579978156303,0.5484498000000002,2.4684808,1.9200309999999998,77.78188916843104,False,False,False
ecoli-0_vs_1,decision_tree,random_forest,0.01,none,-0.0008487710483665589,0.9702058504875406,0.9702058504875406,0.9899488304093568,0.0,0.019742979921816173,0.019742979921816173,0.1590112999999995,0.7773905000000008,0.6183792000000012,79.54550512258648,True,False,False
glass1,decision_tree,random_forest,0.01,smote_enn,0.015129391849600382,0.7609506833036244,0.6935513673318552,0.7609506833036244,-0.06739931597176918,0.0,0.06739931597176918,0.1206399000000004,0.7398563999999996,0.6192164999999993,83.69414659385248,False,False,False
haberman,decision_tree,random_forest,0.01,none,-0.0006332364519475719,0.5658193101802125,0.5658193101802125,0.6397058823529411,0.0,0.07388657217272865,0.07388657217272865,0.0980717999999996,0.6776106999999986,0.579538899999999,85.52682240702518,True,False,False
iris0,decision_tree,random_forest,0.01,none,-0.00457313583475738,1.0,1.0,1.0,0.0,0.0,0.0,0.1019786000000024,0.9672043000000058,0.8652257000000034,89.45635374036264,True,False,True
page-blocks0,decision_tree,random_forest,0.01,none,-0.0016229920624952765,0.9124443797226672,0.9124443797226672,0.9124443797226672,0.0,0.0,0.0,0.5181287999999995,7.595065100000003,7.076936300000003,93.1780861233171,True,False,True
pima,decision_tree,random_forest,0.01,none,-0.0007547955620270663,0.6715751896474788,0.6715751896474788,0.7012961643040045,0.0,0.02972097465652579,0.02972097465652579,0.1650589,1.4682680999999986,1.3032091999999986,88.75825879483453,True,False,False
segment0,decision_tree,random_forest,0.01,none,-0.001710446646317365,0.9849535772068706,0.9849535772068706,0.989338507021434,0.0,0.004384929814563399,0.004384929814563399,0.3328682,5.426655400000001,5.093787200000001,93.866052375465,True,False,False
shuttle-c0-vs-c4,decision_tree,random_forest,0.01,none,0.0,1.0,1.0,1.0,0.0,0.0,0.0,0.2338208999999995,2.1616400000000002,1.9278191000000007,89.1831711108233,True,False,True
vehicle2,decision_tree,random_forest,0.01,none,0.0006498213092049898,0.9507111489807956,0.9507111489807956,0.9507111489807956,0.0,0.0,0.0,0.1431218000000003,1.5138356999999996,1.3707138999999993,90.54575077070778,True,False,True
vowel0,decision_tree,random_forest,0.01,none,-0.00029633104695181434,0.8512122885397319,0.8512122885397319,0.8828029071650012,0.0,0.03159061862526935,0.03159061862526935,0.0795946,1.0065831999999975,0.9269885999999975,92.09259602186883,True,False,False
wisconsin,decision_tree,random_forest,0.01,smote_enn,0.014461870208228755,0.953291215956496,0.9469512065958534,0.953291215956496,-0.006340009360642607,0.0,0.006340009360642607,0.1703713999999996,0.9080225999999996,0.7376512,81.2370969621241,False,False,False
yeast1,decision_tree,random_forest,0.01,none,-0.0005761807238013894,0.6783822319268029,0.6783822319268029,0.6783822319268029,0.0,0.0,0.0,0.1223587999999997,2.4684808,2.3461220000000003,95.04315366763234,True,False,True
ecoli-0_vs_1,decision_tree,random_forest,0.015,none,-0.0008487710483665589,0.9702058504875406,0.9702058504875406,0.9899488304093568,0.0,0.019742979921816173,0.019742979921816173,0.1590112999999995,0.7773905000000008,0.6183792000000012,79.54550512258648,True,False,False
glass1,decision_tree,random_forest,0.015,smote_enn,0.015129391849600382,0.7609506833036244,0.6935513673318552,0.7609506833036244,-0.06739931597176918,0.0,0.06739931597176918,0.1206399000000004,0.7398563999999996,0.6192164999999993,83.69414659385248,False,False,False
haberman,decision_tree,random_forest,0.015,none,-0.0006332364519475719,0.5658193101802125,0.5658193101802125,0.6397058823529411,0.0,0.07388657217272865,0.07388657217272865,0.0980717999999996,0.6776106999999986,0.579538899999999,85.52682240702518,True,False,False
iris0,decision_tree,random_forest,0.015,none,-0.00457313583475738,1.0,1.0,1.0,0.0,0.0,0.0,0.1019786000000024,0.9672043000000058,0.8652257000000034,89.45635374036264,True,False,True
page-blocks0,decision_tree,random_forest,0.015,none,-0.0016229920624952765,0.9124443797226672,0.9124443797226672,0.9124443797226672,0.0,0.0,0.0,0.5181287999999995,7.595065100000003,7.076936300000003,93.1780861233171,True,False,True
pima,decision_tree,random_forest,0.015,none,-0.0007547955620270663,0.6715751896474788,0.6715751896474788,0.7012961643040045,0.0,0.02972097465652579,0.02972097465652579,0.1650589,1.4682680999999986,1.3032091999999986,88.75825879483453,True,False,False
segment0,decision_tree,random_forest,0.015,none,-0.001710446646317365,0.9849535772068706,0.9849535772068706,0.989338507021434,0.0,0.004384929814563399,0.004384929814563399,0.3328682,5.426655400000001,5.093787200000001,93.866052375465,True,False,False
shuttle-c0-vs-c4,decision_tree,random_forest,0.015,none,0.0,1.0,1.0,1.0,0.0,0.0,0.0,0.2338208999999995,2.1616400000000002,1.9278191000000007,89.1831711108233,True,False,True
vehicle2,decision_tree,random_forest,0.015,none,0.0006498213092049898,0.9507111489807956,0.9507111489807956,0.9507111489807956,0.0,0.0,0.0,0.1431218000000003,1.5138356999999996,1.3707138999999993,90.54575077070778,True,False,True
vowel0,decision_tree,random_forest,0.015,none,-0.00029633104695181434,0.8512122885397319,0.8512122885397319,0.8828029071650012,0.0,0.03159061862526935,0.03159061862526935,0.0795946,1.0065831999999975,0.9269885999999975,92.09259602186883,True,False,False
wisconsin,decision_tree,random_forest,0.015,none,-0.00015418183064119795,0.953291215956496,0.953291215956496,0.953291215956496,0.0,0.0,0.0,0.1131557,0.9080225999999996,0.7948668999999996,87.53822867404402,True,False,True
yeast1,decision_tree,random_forest,0.015,none,-0.0005761807238013894,0.6783822319268029,0.6783822319268029,0.6783822319268029,0.0,0.0,0.0,0.1223587999999997,2.4684808,2.3461220000000003,95.04315366763234,True,False,True
ecoli-0_vs_1,decision_tree,random_forest,0.02,none,-0.0008487710483665589,0.9702058504875406,0.9702058504875406,0.9899488304093568,0.0,0.019742979921816173,0.019742979921816173,0.1590112999999995,0.7773905000000008,0.6183792000000012,79.54550512258648,True,False,False
glass1,decision_tree,random_forest,0.02,none,0.00275673657278086,0.7609506833036244,0.7609506833036244,0.7609506833036244,0.0,0.0,0.0,0.0952776000000001,0.7398563999999996,0.6445787999999996,87.12214964958062,True,False,True
haberman,decision_tree,random_forest,0.02,none,-0.0006332364519475719,0.5658193101802125,0.5658193101802125,0.6397058823529411,0.0,0.07388657217272865,0.07388657217272865,0.0980717999999996,0.6776106999999986,0.579538899999999,85.52682240702518,True,False,False
iris0,decision_tree,random_forest,0.02,none,-0.00457313583475738,1.0,1.0,1.0,0.0,0.0,0.0,0.1019786000000024,0.9672043000000058,0.8652257000000034,89.45635374036264,True,False,True
page-blocks0,decision_tree,random_forest,0.02,none,-0.0016229920624952765,0.9124443797226672,0.9124443797226672,0.9124443797226672,0.0,0.0,0.0,0.5181287999999995,7.595065100000003,7.076936300000003,93.1780861233171,True,False,True
pima,decision_tree,random_forest,0.02,none,-0.0007547955620270663,0.6715751896474788,0.6715751896474788,0.7012961643040045,0.0,0.02972097465652579,0.02972097465652579,0.1650589,1.4682680999999986,1.3032091999999986,88.75825879483453,True,False,False
segment0,decision_tree,random_forest,0.02,none,-0.001710446646317365,0.9849535772068706,0.9849535772068706,0.989338507021434,0.0,0.004384929814563399,0.004384929814563399,0.3328682,5.426655400000001,5.093787200000001,93.866052375465,True,False,False
shuttle-c0-vs-c4,decision_tree,random_forest,0.02,none,0.0,1.0,1.0,1.0,0.0,0.0,0.0,0.2338208999999995,2.1616400000000002,1.9278191000000007,89.1831711108233,True,False,True
vehicle2,decision_tree,random_forest,0.02,none,0.0006498213092049898,0.9507111489807956,0.9507111489807956,0.9507111489807956,0.0,0.0,0.0,0.1431218000000003,1.5138356999999996,1.3707138999999993,90.54575077070778,True,False,True
vowel0,decision_tree,random_forest,0.02,none,-0.00029633104695181434,0.8512122885397319,0.8512122885397319,0.8828029071650012,0.0,0.03159061862526935,0.03159061862526935,0.0795946,1.0065831999999975,0.9269885999999975,92.09259602186883,True,False,False
wisconsin,decision_tree,random_forest,0.02,none,-0.00015418183064119795,0.953291215956496,0.953291215956496,0.953291215956496,0.0,0.0,0.0,0.1131557,0.9080225999999996,0.7948668999999996,87.53822867404402,True,False,True
yeast1,decision_tree,random_forest,0.02,none,-0.0005761807238013894,0.6783822319268029,0.6783822319268029,0.6783822319268029,0.0,0.0,0.0,0.1223587999999997,2.4684808,2.3461220000000003,95.04315366763234,True,False,True
ecoli-0_vs_1,random_forest,random_forest,0.0,ros,0.0032010293309994164,0.9899488304093568,0.9899488304093568,0.9899488304093568,0.0,0.0,0.0,3.3722759000000018,24.150073400000004,20.777797500000002,86.03616707848184,False,False,True
glass1,random_forest,random_forest,0.0,none,-0.0009111397435995761,0.8335967090576166,0.8335967090576166,0.8572169916228037,0.0,0.023620282565187112,0.023620282565187112,3.2704950000000004,28.071075199999996,24.800580199999995,88.34923501612079,True,False,False
haberman,random_forest,random_forest,0.0,smote_tomek,0.0007325560994511093,0.529559748427673,0.5701550597006861,0.655656819221685,0.04059531127301319,0.126097070794012,0.08550175952099881,3.5608432000000008,25.6776669,22.116823699999998,86.13252826330573,False,True,False
iris0,random_forest,random_forest,0.0,none,0.0,1.0,1.0,1.0,0.0,0.0,0.0,4.362116699999998,23.793170899999996,19.4310542,81.66651801757118,True,False,True
page-blocks0,random_forest,random_forest,0.0,smote_tomek,0.009380156181162058,0.9345174973488866,0.9258422617863128,0.9345174973488866,-0.008675235562573769,0.0,0.008675235562573769,7.165259599999999,38.514595,31.3493354,81.3959887154467,False,False,False
pima,random_forest,random_forest,0.0,smote_tomek,0.0015014274543144746,0.7354267425456938,0.7390417940876657,0.7431733533861193,0.0036150515419718365,0.007746610840425494,0.0041315592984536575,4.433129900000001,29.841652900000007,25.408523000000006,85.14448943275525,False,True,False
segment0,random_forest,random_forest,0.0,none,-0.0031569664295326705,0.9946556506999986,0.9946556506999986,0.9964641357967948,0.0,0.0018084850967962085,0.0018084850967962085,3.2022751000000014,33.744479600000005,30.542204500000004,90.51022526363097,True,False,False
shuttle-c0-vs-c4,random_forest,random_forest,0.0,none,-0.009200094086239563,1.0,1.0,1.0,0.0,0.0,0.0,3.1392646999999982,23.252858400000004,20.113593700000006,86.49944602079546,True,False,True
vehicle2,random_forest,random_forest,0.0,none,-0.001809043193891191,0.9860331250103184,0.9860331250103184,0.9860331250103184,0.0,0.0,0.0,3.948806399999999,26.958349599999995,23.009543199999996,85.35219529907721,True,False,True
vowel0,random_forest,random_forest,0.0,none,-0.0005516730823456051,0.9125866035090584,0.9125866035090584,0.9125866035090584,0.0,0.0,0.0,2.5871901999999984,18.800692899999998,16.2135027,86.2388571859498,True,False,True
wisconsin,random_forest,random_forest,0.0,ros,0.0026066351091874607,0.9695724860430164,0.9680009744944807,0.9760671661141908,-0.0015715115485356312,0.006494680071174375,0.008066191619710006,6.0006979000000005,30.321272399999998,24.3205745,80.20961053072429,False,False,False
yeast1,random_forest,random_forest,0.0,smote_enn,0.00153400614901944,0.7063534771707733,0.692720050732675,0.7315821634877828,-0.013633426438098395,0.025228686317009474,0.03886211275510787,3.790132399999997,29.201667399999995,25.411534999999997,87.02083566639075,False,False,False
ecoli-0_vs_1,random_forest,random_forest,0.005,none,-0.0007435422039183681,0.9899488304093568,0.9899488304093568,0.9899488304093568,0.0,0.0,0.0,3.915239399999999,24.150073400000004,20.234834000000006,83.78787784553899,True,False,True
glass1,random_forest,random_forest,0.005,none,-0.0009111397435995761,0.8335967090576166,0.8335967090576166,0.8572169916228037,0.0,0.023620282565187112,0.023620282565187112,3.2704950000000004,28.071075199999996,24.800580199999995,88.34923501612079,True,False,False
haberman,random_forest,random_forest,0.005,none,-5.291049884093013e-05,0.529559748427673,0.529559748427673,0.655656819221685,0.0,0.126097070794012,0.126097070794012,3.2899539000000004,25.6776669,22.387712999999998,87.18748898483452,True,False,False
iris0,random_forest,random_forest,0.005,none,0.0,1.0,1.0,1.0,0.0,0.0,0.0,4.362116699999998,23.793170899999996,19.4310542,81.66651801757118,True,False,True
page-blocks0,random_forest,random_forest,0.005,smote_tomek,0.009380156181162058,0.9345174973488866,0.9258422617863128,0.9345174973488866,-0.008675235562573769,0.0,0.008675235562573769,7.165259599999999,38.514595,31.3493354,81.3959887154467,False,False,False
pima,random_forest,random_forest,0.005,none,9.319840538823954e-05,0.7354267425456938,0.7354267425456938,0.7431733533861193,0.0,0.007746610840425494,0.007746610840425494,3.5931651,29.841652900000007,26.248487800000007,87.95922896080599,True,False,False
segment0,random_forest,random_forest,0.005,none,-0.0031569664295326705,0.9946556506999986,0.9946556506999986,0.9964641357967948,0.0,0.0018084850967962085,0.0018084850967962085,3.2022751000000014,33.744479600000005,30.542204500000004,90.51022526363097,True,False,False
shuttle-c0-vs-c4,random_forest,random_forest,0.005,none,-0.009200094086239563,1.0,1.0,1.0,0.0,0.0,0.0,3.1392646999999982,23.252858400000004,20.113593700000006,86.49944602079546,True,False,True
vehicle2,random_forest,random_forest,0.005,none,-0.001809043193891191,0.9860331250103184,0.9860331250103184,0.9860331250103184,0.0,0.0,0.0,3.948806399999999,26.958349599999995,23.009543199999996,85.35219529907721,True,False,True
vowel0,random_forest,random_forest,0.005,none,-0.0005516730823456051,0.9125866035090584,0.9125866035090584,0.9125866035090584,0.0,0.0,0.0,2.5871901999999984,18.800692899999998,16.2135027,86.2388571859498,True,False,True
wisconsin,random_forest,random_forest,0.005,none,0.0001711807662634346,0.9695724860430164,0.9695724860430164,0.9760671661141908,0.0,0.006494680071174375,0.006494680071174375,3.4410302999999995,30.321272399999998,26.880242099999997,88.6514317255367,True,False,False
yeast1,random_forest,random_forest,0.005,none,0.00018269925789760055,0.7063534771707733,0.7063534771707733,0.7315821634877828,0.0,0.025228686317009474,0.025228686317009474,3.9407538,29.201667399999995,25.260913599999995,86.5050384074986,True,False,False
ecoli-0_vs_1,random_forest,random_forest,0.01,none,-0.0007435422039183681,0.9899488304093568,0.9899488304093568,0.9899488304093568,0.0,0.0,0.0,3.915239399999999,24.150073400000004,20.234834000000006,83.78787784553899,True,False,True
glass1,random_forest,random_forest,0.01,none,-0.0009111397435995761,0.8335967090576166,0.8335967090576166,0.8572169916228037,0.0,0.023620282565187112,0.023620282565187112,3.2704950000000004,28.071075199999996,24.800580199999995,88.34923501612079,True,False,False
haberman,random_forest,random_forest,0.01,none,-5.291049884093013e-05,0.529559748427673,0.529559748427673,0.655656819221685,0.0,0.126097070794012,0.126097070794012,3.2899539000000004,25.6776669,22.387712999999998,87.18748898483452,True,False,False
iris0,random_forest,random_forest,0.01,none,0.0,1.0,1.0,1.0,0.0,0.0,0.0,4.362116699999998,23.793170899999996,19.4310542,81.66651801757118,True,False,True
page-blocks0,random_forest,random_forest,0.01,none,0.0011032287616186132,0.9345174973488866,0.9345174973488866,0.9345174973488866,0.0,0.0,0.0,4.474763799999998,38.514595,34.0398312,88.38164129727964,True,False,True
pima,random_forest,random_forest,0.01,none,9.319840538823954e-05,0.7354267425456938,0.7354267425456938,0.7431733533861193,0.0,0.007746610840425494,0.007746610840425494,3.5931651,29.841652900000007,26.248487800000007,87.95922896080599,True,False,False
segment0,random_forest,random_forest,0.01,none,-0.0031569664295326705,0.9946556506999986,0.9946556506999986,0.9964641357967948,0.0,0.0018084850967962085,0.0018084850967962085,3.2022751000000014,33.744479600000005,30.542204500000004,90.51022526363097,True,False,False
shuttle-c0-vs-c4,random_forest,random_forest,0.01,none,-0.009200094086239563,1.0,1.0,1.0,0.0,0.0,0.0,3.1392646999999982,23.252858400000004,20.113593700000006,86.49944602079546,True,False,True
vehicle2,random_forest,random_forest,0.01,none,-0.001809043193891191,0.9860331250103184,0.9860331250103184,0.9860331250103184,0.0,0.0,0.0,3.948806399999999,26.958349599999995,23.009543199999996,85.35219529907721,True,False,True
vowel0,random_forest,random_forest,0.01,none,-0.0005516730823456051,0.9125866035090584,0.9125866035090584,0.9125866035090584,0.0,0.0,0.0,2.5871901999999984,18.800692899999998,16.2135027,86.2388571859498,True,False,True
wisconsin,random_forest,random_forest,0.01,none,0.0001711807662634346,0.9695724860430164,0.9695724860430164,0.9760671661141908,0.0,0.006494680071174375,0.006494680071174375,3.4410302999999995,30.321272399999998,26.880242099999997,88.6514317255367,True,False,False
yeast1,random_forest,random_forest,0.01,none,0.00018269925789760055,0.7063534771707733,0.7063534771707733,0.7315821634877828,0.0,0.025228686317009474,0.025228686317009474,3.9407538,29.201667399999995,25.260913599999995,86.5050384074986,True,False,False
ecoli-0_vs_1,random_forest,random_forest,0.015,none,-0.0007435422039183681,0.9899488304093568,0.9899488304093568,0.9899488304093568,0.0,0.0,0.0,3.915239399999999,24.150073400000004,20.234834000000006,83.78787784553899,True,False,True
glass1,random_forest,random_forest,0.015,none,-0.0009111397435995761,0.8335967090576166,0.8335967090576166,0.8572169916228037,0.0,0.023620282565187112,0.023620282565187112,3.2704950000000004,28.071075199999996,24.800580199999995,88.34923501612079,True,False,False
haberman,random_forest,random_forest,0.015,none,-5.291049884093013e-05,0.529559748427673,0.529559748427673,0.655656819221685,0.0,0.126097070794012,0.126097070794012,3.2899539000000004,25.6776669,22.387712999999998,87.18748898483452,True,False,False
iris0,random_forest,random_forest,0.015,none,0.0,1.0,1.0,1.0,0.0,0.0,0.0,4.362116699999998,23.793170899999996,19.4310542,81.66651801757118,True,False,True
page-blocks0,random_forest,random_forest,0.015,none,0.0011032287616186132,0.9345174973488866,0.9345174973488866,0.9345174973488866,0.0,0.0,0.0,4.474763799999998,38.514595,34.0398312,88.38164129727964,True,False,True
pima,random_forest,random_forest,0.015,none,9.319840538823954e-05,0.7354267425456938,0.7354267425456938,0.7431733533861193,0.0,0.007746610840425494,0.007746610840425494,3.5931651,29.841652900000007,26.248487800000007,87.95922896080599,True,False,False
segment0,random_forest,random_forest,0.015,none,-0.0031569664295326705,0.9946556506999986,0.9946556506999986,0.9964641357967948,0.0,0.0018084850967962085,0.0018084850967962085,3.2022751000000014,33.744479600000005,30.542204500000004,90.51022526363097,True,False,False
shuttle-c0-vs-c4,random_forest,random_forest,0.015,none,-0.009200094086239563,1.0,1.0,1.0,0.0,0.0,0.0,3.1392646999999982,23.252858400000004,20.113593700000006,86.49944602079546,True,False,True
vehicle2,random_forest,random_forest,0.015,none,-0.001809043193891191,0.9860331250103184,0.9860331250103184,0.9860331250103184,0.0,0.0,0.0,3.948806399999999,26.958349599999995,23.009543199999996,85.35219529907721,True,False,True
vowel0,random_forest,random_forest,0.015,none,-0.0005516730823456051,0.9125866035090584,0.9125866035090584,0.9125866035090584,0.0,0.0,0.0,2.5871901999999984,18.800692899999998,16.2135027,86.2388571859498,True,False,True
wisconsin,random_forest,random_forest,0.015,none,0.0001711807662634346,0.9695724860430164,0.9695724860430164,0.9760671661141908,0.0,0.006494680071174375,0.006494680071174375,3.4410302999999995,30.321272399999998,26.880242099999997,88.6514317255367,True,False,False
yeast1,random_forest,random_forest,0.015,none,0.00018269925789760055,0.7063534771707733,0.7063534771707733,0.7315821634877828,0.0,0.025228686317009474,0.025228686317009474,3.9407538,29.201667399999995,25.260913599999995,86.5050384074986,True,False,False
ecoli-0_vs_1,random_forest,random_forest,0.02,none,-0.0007435422039183681,0.9899488304093568,0.9899488304093568,0.9899488304093568,0.0,0.0,0.0,3.915239399999999,24.150073400000004,20.234834000000006,83.78787784553899,True,False,True
glass1,random_forest,random_forest,0.02,none,-0.0009111397435995761,0.8335967090576166,0.8335967090576166,0.8572169916228037,0.0,0.023620282565187112,0.023620282565187112,3.2704950000000004,28.071075199999996,24.800580199999995,88.34923501612079,True,False,False
haberman,random_forest,random_forest,0.02,none,-5.291049884093013e-05,0.529559748427673,0.529559748427673,0.655656819221685,0.0,0.126097070794012,0.126097070794012,3.2899539000000004,25.6776669,22.387712999999998,87.18748898483452,True,False,False
iris0,random_forest,random_forest,0.02,none,0.0,1.0,1.0,1.0,0.0,0.0,0.0,4.362116699999998,23.793170899999996,19.4310542,81.66651801757118,True,False,True
page-blocks0,random_forest,random_forest,0.02,none,0.0011032287616186132,0.9345174973488866,0.9345174973488866,0.9345174973488866,0.0,0.0,0.0,4.474763799999998,38.514595,34.0398312,88.38164129727964,True,False,True
pima,random_forest,random_forest,0.02,none,9.319840538823954e-05,0.7354267425456938,0.7354267425456938,0.7431733533861193,0.0,0.007746610840425494,0.007746610840425494,3.5931651,29.841652900000007,26.248487800000007,87.95922896080599,True,False,False
segment0,random_forest,random_forest,0.02,none,-0.0031569664295326705,0.9946556506999986,0.9946556506999986,0.9964641357967948,0.0,0.0018084850967962085,0.0018084850967962085,3.2022751000000014,33.744479600000005,30.542204500000004,90.51022526363097,True,False,False
shuttle-c0-vs-c4,random_forest,random_forest,0.02,none,-0.009200094086239563,1.0,1.0,1.0,0.0,0.0,0.0,3.1392646999999982,23.252858400000004,20.113593700000006,86.49944602079546,True,False,True
vehicle2,random_forest,random_forest,0.02,none,-0.001809043193891191,0.9860331250103184,0.9860331250103184,0.9860331250103184,0.0,0.0,0.0,3.948806399999999,26.958349599999995,23.009543199999996,85.35219529907721,True,False,True
vowel0,random_forest,random_forest,0.02,none,-0.0005516730823456051,0.9125866035090584,0.9125866035090584,0.9125866035090584,0.0,0.0,0.0,2.5871901999999984,18.800692899999998,16.2135027,86.2388571859498,True,False,True
wisconsin,random_forest,random_forest,0.02,none,0.0001711807662634346,0.9695724860430164,0.9695724860430164,0.9760671661141908,0.0,0.006494680071174375,0.006494680071174375,3.4410302999999995,30.321272399999998,26.880242099999997,88.6514317255367,True,False,False
yeast1,random_forest,random_forest,0.02,none,0.00018269925789760055,0.7063534771707733,0.7063534771707733,0.7315821634877828,0.0,0.025228686317009474,0.025228686317009474,3.9407538,29.201667399999995,25.260913599999995,86.5050384074986,True,False,False
ecoli-0_vs_1,xgboost,random_forest,0.0,ros,0.0010259584341771877,0.98001998001998,0.9849695975951356,0.9899488304093568,0.0049496175751555516,0.009928850389376742,0.004979232814221191,1.259764599999997,7.87697159999999,6.617206999999993,84.00699324598303,False,True,False
glass1,xgboost,random_forest,0.0,smote_enn,0.005213903455787761,0.8174728889971976,0.733424213223024,0.8275665939899517,-0.08404867577417363,0.010093704992754082,0.09414238076692771,1.3186219000000037,9.6801854,8.361563499999995,86.37813383202347,False,False,False
haberman,xgboost,random_forest,0.0,ros,0.0008055332539707027,0.550908090258668,0.557703783267693,0.6397174254317111,0.006795693009024939,0.08880933517304301,0.08201364216401807,1.4859182000000004,8.419521400000008,6.933603200000007,82.35151228429683,False,True,False
iris0,xgboost,random_forest,0.0,none,0.0,1.0,1.0,1.0,0.0,0.0,0.0,0.983847400000002,6.3298311,5.345983699999998,84.45697231952994,True,False,True
page-blocks0,xgboost,random_forest,0.0,ros,0.006749050905168419,0.9305993992368964,0.9292832961964628,0.9305993992368964,-0.0013161030404336138,0.0,0.0013161030404336138,4.195879500000004,34.46027029999999,30.264390799999987,87.82400873971089,False,False,False
pima,xgboost,random_forest,0.0,ros,0.00236360711591177,0.7361390827659384,0.7333994545003719,0.7361390827659384,-0.002739628265566507,0.0,0.002739628265566507,1.303745900000003,10.513094800000012,9.209348900000009,87.59883816514238,False,False,False
segment0,xgboost,random_forest,0.0,none,-0.0020510755274439907,0.992910361224468,0.992910361224468,0.992910361224468,0.0,0.0,0.0,2.632413900000003,22.42828750000003,19.79587360000003,88.26297415707731,True,False,True
shuttle-c0-vs-c4,xgboost,random_forest,0.0,none,-0.0035222544820208146,1.0,1.0,1.0,0.0,0.0,0.0,1.7991220999999982,12.330556800000004,10.531434700000005,85.4092387782521,True,False,True
vehicle2,xgboost,random_forest,0.0,none,-0.0016702064213022227,0.9767920335774832,0.9767920335774832,0.9815166808677984,0.0,0.004724647290315187,0.004724647290315187,1.7943633999999946,11.9388395,10.144476100000006,84.97037002633301,True,False,False
vowel0,xgboost,random_forest,0.0,ros,0.0006821794739625409,0.9107273731238392,0.9038134808101173,0.9107273731238392,-0.00691389231372197,0.0,0.00691389231372197,1.538400099999997,12.33758919999999,10.799189099999992,87.53078842988225,False,False,False
wisconsin,xgboost,random_forest,0.0,ros,0.0022874611154988234,0.9663060713908171,0.9615290738063498,0.9680009744944807,-0.0047769975844673684,0.001694903103663603,0.0064719006881309715,1.2657211000000004,9.512048,8.2463269,86.69349544913987,False,False,False
yeast1,xgboost,random_forest,0.0,none,-0.0012969749057391011,0.6963947375929667,0.6963947375929667,0.7104116832431071,0.0,0.014016945650140444,0.014016945650140444,1.655627199999998,11.614015199999997,9.958388,85.74457522666236,True,False,False
ecoli-0_vs_1,xgboost,random_forest,0.005,none,-0.00019333002654042808,0.98001998001998,0.98001998001998,0.9899488304093568,0.0,0.009928850389376742,0.009928850389376742,1.1138825999999966,7.87697159999999,6.763088999999994,85.85899941546066,True,False,False
glass1,xgboost,random_forest,0.005,smote_enn,0.005213903455787761,0.8174728889971976,0.733424213223024,0.8275665939899517,-0.08404867577417363,0.010093704992754082,0.09414238076692771,1.3186219000000037,9.6801854,8.361563499999995,86.37813383202347,False,False,False
haberman,xgboost,random_forest,0.005,none,-0.00023083245714905498,0.550908090258668,0.550908090258668,0.6397174254317111,0.0,0.08880933517304301,0.08880933517304301,1.2656604000000016,8.419521400000008,7.153861000000006,84.96754934312537,True,False,False
iris0,xgboost,random_forest,0.005,none,0.0,1.0,1.0,1.0,0.0,0.0,0.0,0.983847400000002,6.3298311,5.345983699999998,84.45697231952994,True,False,True
page-blocks0,xgboost,random_forest,0.005,ros,0.006749050905168419,0.9305993992368964,0.9292832961964628,0.9305993992368964,-0.0013161030404336138,0.0,0.0013161030404336138,4.195879500000004,34.46027029999999,30.264390799999987,87.82400873971089,False,False,False
pima,xgboost,random_forest,0.005,none,0.0001718309987447375,0.7361390827659384,0.7361390827659384,0.7361390827659384,0.0,0.0,0.0,1.5505666000000031,10.513094800000012,8.962528200000008,85.25109276100125,True,False,True
segment0,xgboost,random_forest,0.005,none,-0.0020510755274439907,0.992910361224468,0.992910361224468,0.992910361224468,0.0,0.0,0.0,2.632413900000003,22.42828750000003,19.79587360000003,88.26297415707731,True,False,True
shuttle-c0-vs-c4,xgboost,random_forest,0.005,none,-0.0035222544820208146,1.0,1.0,1.0,0.0,0.0,0.0,1.7991220999999982,12.330556800000004,10.531434700000005,85.4092387782521,True,False,True
vehicle2,xgboost,random_forest,0.005,none,-0.0016702064213022227,0.9767920335774832,0.9767920335774832,0.9815166808677984,0.0,0.004724647290315187,0.004724647290315187,1.7943633999999946,11.9388395,10.144476100000006,84.97037002633301,True,False,False
vowel0,xgboost,random_forest,0.005,none,-4.8345543513628186e-05,0.9107273731238392,0.9107273731238392,0.9107273731238392,0.0,0.0,0.0,1.841429999999996,12.33758919999999,10.496159199999994,85.07463678560478,True,False,True
wisconsin,xgboost,random_forest,0.005,none,-0.000583392987885567,0.9663060713908171,0.9663060713908171,0.9680009744944807,0.0,0.001694903103663603,0.001694903103663603,1.5858355999999958,9.512048,7.926212400000004,83.32813711621309,True,False,False
yeast1,xgboost,random_forest,0.005,none,-0.0012969749057391011,0.6963947375929667,0.6963947375929667,0.7104116832431071,0.0,0.014016945650140444,0.014016945650140444,1.655627199999998,11.614015199999997,9.958388,85.74457522666236,True,False,False
ecoli-0_vs_1,xgboost,random_forest,0.01,none,-0.00019333002654042808,0.98001998001998,0.98001998001998,0.9899488304093568,0.0,0.009928850389376742,0.009928850389376742,1.1138825999999966,7.87697159999999,6.763088999999994,85.85899941546066,True,False,False
glass1,xgboost,random_forest,0.01,none,0.00021796106820437533,0.8174728889971976,0.8174728889971976,0.8275665939899517,0.0,0.010093704992754082,0.010093704992754082,1.4041612999999984,9.6801854,8.2760241,85.49447926896111,True,False,False
haberman,xgboost,random_forest,0.01,none,-0.00023083245714905498,0.550908090258668,0.550908090258668,0.6397174254317111,0.0,0.08880933517304301,0.08880933517304301,1.2656604000000016,8.419521400000008,7.153861000000006,84.96754934312537,True,False,False
iris0,xgboost,random_forest,0.01,none,0.0,1.0,1.0,1.0,0.0,0.0,0.0,0.983847400000002,6.3298311,5.345983699999998,84.45697231952994,True,False,True
page-blocks0,xgboost,random_forest,0.01,none,0.0024087659873838208,0.9305993992368964,0.9305993992368964,0.9305993992368964,0.0,0.0,0.0,3.2135529000000105,34.46027029999999,31.24671739999998,90.67461493475281,True,False,True
pima,xgboost,random_forest,0.01,none,0.0001718309987447375,0.7361390827659384,0.7361390827659384,0.7361390827659384,0.0,0.0,0.0,1.5505666000000031,10.513094800000012,8.962528200000008,85.25109276100125,True,False,True
segment0,xgboost,random_forest,0.01,none,-0.0020510755274439907,0.992910361224468,0.992910361224468,0.992910361224468,0.0,0.0,0.0,2.632413900000003,22.42828750000003,19.79587360000003,88.26297415707731,True,False,True
shuttle-c0-vs-c4,xgboost,random_forest,0.01,none,-0.0035222544820208146,1.0,1.0,1.0,0.0,0.0,0.0,1.7991220999999982,12.330556800000004,10.531434700000005,85.4092387782521,True,False,True
vehicle2,xgboost,random_forest,0.01,none,-0.0016702064213022227,0.9767920335774832,0.9767920335774832,0.9815166808677984,0.0,0.004724647290315187,0.004724647290315187,1.7943633999999946,11.9388395,10.144476100000006,84.97037002633301,True,False,False
vowel0,xgboost,random_forest,0.01,none,-4.8345543513628186e-05,0.9107273731238392,0.9107273731238392,0.9107273731238392,0.0,0.0,0.0,1.841429999999996,12.33758919999999,10.496159199999994,85.07463678560478,True,False,True
wisconsin,xgboost,random_forest,0.01,none,-0.000583392987885567,0.9663060713908171,0.9663060713908171,0.9680009744944807,0.0,0.001694903103663603,0.001694903103663603,1.5858355999999958,9.512048,7.926212400000004,83.32813711621309,True,False,False
yeast1,xgboost,random_forest,0.01,none,-0.0012969749057391011,0.6963947375929667,0.6963947375929667,0.7104116832431071,0.0,0.014016945650140444,0.014016945650140444,1.655627199999998,11.614015199999997,9.958388,85.74457522666236,True,False,False
ecoli-0_vs_1,xgboost,random_forest,0.015,none,-0.00019333002654042808,0.98001998001998,0.98001998001998,0.9899488304093568,0.0,0.009928850389376742,0.009928850389376742,1.1138825999999966,7.87697159999999,6.763088999999994,85.85899941546066,True,False,False
glass1,xgboost,random_forest,0.015,none,0.00021796106820437533,0.8174728889971976,0.8174728889971976,0.8275665939899517,0.0,0.010093704992754082,0.010093704992754082,1.4041612999999984,9.6801854,8.2760241,85.49447926896111,True,False,False
haberman,xgboost,random_forest,0.015,none,-0.00023083245714905498,0.550908090258668,0.550908090258668,0.6397174254317111,0.0,0.08880933517304301,0.08880933517304301,1.2656604000000016,8.419521400000008,7.153861000000006,84.96754934312537,True,False,False
iris0,xgboost,random_forest,0.015,none,0.0,1.0,1.0,1.0,0.0,0.0,0.0,0.983847400000002,6.3298311,5.345983699999998,84.45697231952994,True,False,True
page-blocks0,xgboost,random_forest,0.015,none,0.0024087659873838208,0.9305993992368964,0.9305993992368964,0.9305993992368964,0.0,0.0,0.0,3.2135529000000105,34.46027029999999,31.24671739999998,90.67461493475281,True,False,True
pima,xgboost,random_forest,0.015,none,0.0001718309987447375,0.7361390827659384,0.7361390827659384,0.7361390827659384,0.0,0.0,0.0,1.5505666000000031,10.513094800000012,8.962528200000008,85.25109276100125,True,False,True
segment0,xgboost,random_forest,0.015,none,-0.0020510755274439907,0.992910361224468,0.992910361224468,0.992910361224468,0.0,0.0,0.0,2.632413900000003,22.42828750000003,19.79587360000003,88.26297415707731,True,False,True
shuttle-c0-vs-c4,xgboost,random_forest,0.015,none,-0.0035222544820208146,1.0,1.0,1.0,0.0,0.0,0.0,1.7991220999999982,12.330556800000004,10.531434700000005,85.4092387782521,True,False,True
vehicle2,xgboost,random_forest,0.015,none,-0.0016702064213022227,0.9767920335774832,0.9767920335774832,0.9815166808677984,0.0,0.004724647290315187,0.004724647290315187,1.7943633999999946,11.9388395,10.144476100000006,84.97037002633301,True,False,False
vowel0,xgboost,random_forest,0.015,none,-4.8345543513628186e-05,0.9107273731238392,0.9107273731238392,0.9107273731238392,0.0,0.0,0.0,1.841429999999996,12.33758919999999,10.496159199999994,85.07463678560478,True,False,True
wisconsin,xgboost,random_forest,0.015,none,-0.000583392987885567,0.9663060713908171,0.9663060713908171,0.9680009744944807,0.0,0.001694903103663603,0.001694903103663603,1.5858355999999958,9.512048,7.926212400000004,83.32813711621309,True,False,False
yeast1,xgboost,random_forest,0.015,none,-0.0012969749057391011,0.6963947375929667,0.6963947375929667,0.7104116832431071,0.0,0.014016945650140444,0.014016945650140444,1.655627199999998,11.614015199999997,9.958388,85.74457522666236,True,False,False
ecoli-0_vs_1,xgboost,random_forest,0.02,none,-0.00019333002654042808,0.98001998001998,0.98001998001998,0.9899488304093568,0.0,0.009928850389376742,0.009928850389376742,1.1138825999999966,7.87697159999999,6.763088999999994,85.85899941546066,True,False,False
glass1,xgboost,random_forest,0.02,none,0.00021796106820437533,0.8174728889971976,0.8174728889971976,0.8275665939899517,0.0,0.010093704992754082,0.010093704992754082,1.4041612999999984,9.6801854,8.2760241,85.49447926896111,True,False,False
haberman,xgboost,random_forest,0.02,none,-0.00023083245714905498,0.550908090258668,0.550908090258668,0.6397174254317111,0.0,0.08880933517304301,0.08880933517304301,1.2656604000000016,8.419521400000008,7.153861000000006,84.96754934312537,True,False,False
iris0,xgboost,random_forest,0.02,none,0.0,1.0,1.0,1.0,0.0,0.0,0.0,0.983847400000002,6.3298311,5.345983699999998,84.45697231952994,True,False,True
page-blocks0,xgboost,random_forest,0.02,none,0.0024087659873838208,0.9305993992368964,0.9305993992368964,0.9305993992368964,0.0,0.0,0.0,3.2135529000000105,34.46027029999999,31.24671739999998,90.67461493475281,True,False,True
pima,xgboost,random_forest,0.02,none,0.0001718309987447375,0.7361390827659384,0.7361390827659384,0.7361390827659384,0.0,0.0,0.0,1.5505666000000031,10.513094800000012,8.962528200000008,85.25109276100125,True,False,True
segment0,xgboost,random_forest,0.02,none,-0.0020510755274439907,0.992910361224468,0.992910361224468,0.992910361224468,0.0,0.0,0.0,2.632413900000003,22.42828750000003,19.79587360000003,88.26297415707731,True,False,True
shuttle-c0-vs-c4,xgboost,random_forest,0.02,none,-0.0035222544820208146,1.0,1.0,1.0,0.0,0.0,0.0,1.7991220999999982,12.330556800000004,10.531434700000005,85.4092387782521,True,False,True
vehicle2,xgboost,random_forest,0.02,none,-0.0016702064213022227,0.9767920335774832,0.9767920335774832,0.9815166808677984,0.0,0.004724647290315187,0.004724647290315187,1.7943633999999946,11.9388395,10.144476100000006,84.97037002633301,True,False,False
vowel0,xgboost,random_forest,0.02,none,-4.8345543513628186e-05,0.9107273731238392,0.9107273731238392,0.9107273731238392,0.0,0.0,0.0,1.841429999999996,12.33758919999999,10.496159199999994,85.07463678560478,True,False,True
wisconsin,xgboost,random_forest,0.02,none,-0.000583392987885567,0.9663060713908171,0.9663060713908171,0.9680009744944807,0.0,0.001694903103663603,0.001694903103663603,1.5858355999999958,9.512048,7.926212400000004,83.32813711621309,True,False,False
yeast1,xgboost,random_forest,0.02,none,-0.0012969749057391011,0.6963947375929667,0.6963947375929667,0.7104116832431071,0.0,0.014016945650140444,0.014016945650140444,1.655627199999998,11.614015199999997,9.958388,85.74457522666236,True,False,False
ecoli-0_vs_1,logistic_regression,gradient_boosting,0.0,adasyn,0.020102339181286788,0.9798976608187132,0.9702058504875406,0.9849695975951356,-0.009691810331172612,0.00507193677642237,0.014763747107594982,0.1576374999999998,1.0172460999999973,0.8596085999999975,84.50350411763681,False,False,False
glass1,logistic_regression,gradient_boosting,0.0,none,-0.004396045723267794,0.5015185021376971,0.5015185021376971,0.61023457900858,0.0,0.10871607687088292,0.10871607687088292,0.1123254,1.0580544999999988,0.9457290999999988,89.38377937998466,True,False,False
haberman,logistic_regression,gradient_boosting,0.0,none,-0.005804453550991462,0.5344040574809805,0.5344040574809805,0.6425233644859814,0.0,0.10811930700500083,0.10811930700500083,0.0950548000000002,0.8455914999999994,0.7505366999999992,88.75878009653594,True,False,False
iris0,logistic_regression,gradient_boosting,0.0,none,0.0,1.0,1.0,1.0,0.0,0.0,0.0,0.2810267000000017,1.3112554,1.0302286999999983,78.56811876618379,True,False,True
page-blocks0,logistic_regression,gradient_boosting,0.0,none,0.010188013739371948,0.847852850384496,0.847852850384496,0.847852850384496,0.0,0.0,0.0,0.5377964999999989,9.3963722,8.858575700000001,94.27655175260087,True,False,True
pima,logistic_regression,gradient_boosting,0.0,ros,0.016064255902243585,0.737580065691888,0.7257538594719376,0.737580065691888,-0.011826206219950453,0.0,0.011826206219950453,0.2428765999999997,1.3584931999999998,1.1156166,82.1216182753068,False,False,False
segment0,logistic_regression,gradient_boosting,0.0,none,-0.005493367679155425,0.9946556506999986,0.9946556506999986,0.9946556506999986,0.0,0.0,0.0,0.3763151000000002,5.788029100000001,5.411714000000001,93.49838963318274,True,False,True
shuttle-c0-vs-c4,logistic_regression,gradient_boosting,0.0,none,-0.018812232987064248,0.9978126849919576,0.9978126849919576,0.9978126849919576,0.0,0.0,0.0,0.5004019,3.4081883999999985,2.9077864999999985,85.31765732199545,True,False,True
vehicle2,logistic_regression,gradient_boosting,0.0,none,-0.012761399686913588,0.942049967139062,0.942049967139062,0.9518336381687104,0.0,0.009783671029648389,0.009783671029648389,0.3685033000000004,2.9005068000000014,2.532003500000001,87.29520992676176,True,False,False
vowel0,logistic_regression,gradient_boosting,0.0,none,-0.0031930248234282033,0.8552891556541312,0.8552891556541312,0.8552891556541312,0.0,0.0,0.0,0.8367447999999982,2.2967455999999977,1.4600007999999995,63.56824195069759,True,False,True
wisconsin,logistic_regression,gradient_boosting,0.0,ros,0.008382097336933625,0.9677556415824756,0.9647349843224874,0.9680602319491208,-0.0030206572599882353,0.00030459036664520767,0.003325247626633443,0.1181906000000001,1.2072141000000007,1.0890235000000006,90.20964052689577,False,False,False
yeast1,logistic_regression,gradient_boosting,0.0,none,-0.0066582698269054275,0.6456136985304575,0.6456136985304575,0.6832967627521116,0.0,0.03768306422165413,0.03768306422165413,0.3021811999999997,2.0565516000000006,1.7543704000000009,85.3064129292939,True,False,False
ecoli-0_vs_1,logistic_regression,gradient_boosting,0.005,adasyn,0.020102339181286788,0.9798976608187132,0.9702058504875406,0.9849695975951356,-0.009691810331172612,0.00507193677642237,0.014763747107594982,0.1576374999999998,1.0172460999999973,0.8596085999999975,84.50350411763681,False,False,False
glass1,logistic_regression,gradient_boosting,0.005,none,-0.004396045723267794,0.5015185021376971,0.5015185021376971,0.61023457900858,0.0,0.10871607687088292,0.10871607687088292,0.1123254,1.0580544999999988,0.9457290999999988,89.38377937998466,True,False,False
haberman,logistic_regression,gradient_boosting,0.005,none,-0.005804453550991462,0.5344040574809805,0.5344040574809805,0.6425233644859814,0.0,0.10811930700500083,0.10811930700500083,0.0950548000000002,0.8455914999999994,0.7505366999999992,88.75878009653594,True,False,False
iris0,logistic_regression,gradient_boosting,0.005,none,0.0,1.0,1.0,1.0,0.0,0.0,0.0,0.2810267000000017,1.3112554,1.0302286999999983,78.56811876618379,True,False,True
page-blocks0,logistic_regression,gradient_boosting,0.005,none,0.010188013739371948,0.847852850384496,0.847852850384496,0.847852850384496,0.0,0.0,0.0,0.5377964999999989,9.3963722,8.858575700000001,94.27655175260087,True,False,True
pima,logistic_regression,gradient_boosting,0.005,ros,0.016064255902243585,0.737580065691888,0.7257538594719376,0.737580065691888,-0.011826206219950453,0.0,0.011826206219950453,0.2428765999999997,1.3584931999999998,1.1156166,82.1216182753068,False,False,False
segment0,logistic_regression,gradient_boosting,0.005,none,-0.005493367679155425,0.9946556506999986,0.9946556506999986,0.9946556506999986,0.0,0.0,0.0,0.3763151000000002,5.788029100000001,5.411714000000001,93.49838963318274,True,False,True
shuttle-c0-vs-c4,logistic_regression,gradient_boosting,0.005,none,-0.018812232987064248,0.9978126849919576,0.9978126849919576,0.9978126849919576,0.0,0.0,0.0,0.5004019,3.4081883999999985,2.9077864999999985,85.31765732199545,True,False,True
vehicle2,logistic_regression,gradient_boosting,0.005,none,-0.012761399686913588,0.942049967139062,0.942049967139062,0.9518336381687104,0.0,0.009783671029648389,0.009783671029648389,0.3685033000000004,2.9005068000000014,2.532003500000001,87.29520992676176,True,False,False
vowel0,logistic_regression,gradient_boosting,0.005,none,-0.0031930248234282033,0.8552891556541312,0.8552891556541312,0.8552891556541312,0.0,0.0,0.0,0.8367447999999982,2.2967455999999977,1.4600007999999995,63.56824195069759,True,False,True
wisconsin,logistic_regression,gradient_boosting,0.005,ros,0.008382097336933625,0.9677556415824756,0.9647349843224874,0.9680602319491208,-0.0030206572599882353,0.00030459036664520767,0.003325247626633443,0.1181906000000001,1.2072141000000007,1.0890235000000006,90.20964052689577,False,False,False
yeast1,logistic_regression,gradient_boosting,0.005,none,-0.0066582698269054275,0.6456136985304575,0.6456136985304575,0.6832967627521116,0.0,0.03768306422165413,0.03768306422165413,0.3021811999999997,2.0565516000000006,1.7543704000000009,85.3064129292939,True,False,False
ecoli-0_vs_1,logistic_regression,gradient_boosting,0.01,adasyn,0.020102339181286788,0.9798976608187132,0.9702058504875406,0.9849695975951356,-0.009691810331172612,0.00507193677642237,0.014763747107594982,0.1576374999999998,1.0172460999999973,0.8596085999999975,84.50350411763681,False,False,False
glass1,logistic_regression,gradient_boosting,0.01,none,-0.004396045723267794,0.5015185021376971,0.5015185021376971,0.61023457900858,0.0,0.10871607687088292,0.10871607687088292,0.1123254,1.0580544999999988,0.9457290999999988,89.38377937998466,True,False,False
haberman,logistic_regression,gradient_boosting,0.01,none,-0.005804453550991462,0.5344040574809805,0.5344040574809805,0.6425233644859814,0.0,0.10811930700500083,0.10811930700500083,0.0950548000000002,0.8455914999999994,0.7505366999999992,88.75878009653594,True,False,False
iris0,logistic_regression,gradient_boosting,0.01,none,0.0,1.0,1.0,1.0,0.0,0.0,0.0,0.2810267000000017,1.3112554,1.0302286999999983,78.56811876618379,True,False,True
page-blocks0,logistic_regression,gradient_boosting,0.01,none,0.010188013739371948,0.847852850384496,0.847852850384496,0.847852850384496,0.0,0.0,0.0,0.5377964999999989,9.3963722,8.858575700000001,94.27655175260087,True,False,True
pima,logistic_regression,gradient_boosting,0.01,ros,0.016064255902243585,0.737580065691888,0.7257538594719376,0.737580065691888,-0.011826206219950453,0.0,0.011826206219950453,0.2428765999999997,1.3584931999999998,1.1156166,82.1216182753068,False,False,False
segment0,logistic_regression,gradient_boosting,0.01,none,-0.005493367679155425,0.9946556506999986,0.9946556506999986,0.9946556506999986,0.0,0.0,0.0,0.3763151000000002,5.788029100000001,5.411714000000001,93.49838963318274,True,False,True
shuttle-c0-vs-c4,logistic_regression,gradient_boosting,0.01,none,-0.018812232987064248,0.9978126849919576,0.9978126849919576,0.9978126849919576,0.0,0.0,0.0,0.5004019,3.4081883999999985,2.9077864999999985,85.31765732199545,True,False,True
vehicle2,logistic_regression,gradient_boosting,0.01,none,-0.012761399686913588,0.942049967139062,0.942049967139062,0.9518336381687104,0.0,0.009783671029648389,0.009783671029648389,0.3685033000000004,2.9005068000000014,2.532003500000001,87.29520992676176,True,False,False
vowel0,logistic_regression,gradient_boosting,0.01,none,-0.0031930248234282033,0.8552891556541312,0.8552891556541312,0.8552891556541312,0.0,0.0,0.0,0.8367447999999982,2.2967455999999977,1.4600007999999995,63.56824195069759,True,False,True
wisconsin,logistic_regression,gradient_boosting,0.01,none,0.0016368217264182139,0.9677556415824756,0.9677556415824756,0.9680602319491208,0.0,0.00030459036664520767,0.00030459036664520767,0.1122782000000004,1.2072141000000007,1.0949359000000003,90.69939623799951,True,False,False
yeast1,logistic_regression,gradient_boosting,0.01,none,-0.0066582698269054275,0.6456136985304575,0.6456136985304575,0.6832967627521116,0.0,0.03768306422165413,0.03768306422165413,0.3021811999999997,2.0565516000000006,1.7543704000000009,85.3064129292939,True,False,False
ecoli-0_vs_1,logistic_regression,gradient_boosting,0.015,adasyn,0.020102339181286788,0.9798976608187132,0.9702058504875406,0.9849695975951356,-0.009691810331172612,0.00507193677642237,0.014763747107594982,0.1576374999999998,1.0172460999999973,0.8596085999999975,84.50350411763681,False,False,False
glass1,logistic_regression,gradient_boosting,0.015,none,-0.004396045723267794,0.5015185021376971,0.5015185021376971,0.61023457900858,0.0,0.10871607687088292,0.10871607687088292,0.1123254,1.0580544999999988,0.9457290999999988,89.38377937998466,True,False,False
haberman,logistic_regression,gradient_boosting,0.015,none,-0.005804453550991462,0.5344040574809805,0.5344040574809805,0.6425233644859814,0.0,0.10811930700500083,0.10811930700500083,0.0950548000000002,0.8455914999999994,0.7505366999999992,88.75878009653594,True,False,False
iris0,logistic_regression,gradient_boosting,0.015,none,0.0,1.0,1.0,1.0,0.0,0.0,0.0,0.2810267000000017,1.3112554,1.0302286999999983,78.56811876618379,True,False,True
page-blocks0,logistic_regression,gradient_boosting,0.015,none,0.010188013739371948,0.847852850384496,0.847852850384496,0.847852850384496,0.0,0.0,0.0,0.5377964999999989,9.3963722,8.858575700000001,94.27655175260087,True,False,True
pima,logistic_regression,gradient_boosting,0.015,ros,0.016064255902243585,0.737580065691888,0.7257538594719376,0.737580065691888,-0.011826206219950453,0.0,0.011826206219950453,0.2428765999999997,1.3584931999999998,1.1156166,82.1216182753068,False,False,False
segment0,logistic_regression,gradient_boosting,0.015,none,-0.005493367679155425,0.9946556506999986,0.9946556506999986,0.9946556506999986,0.0,0.0,0.0,0.3763151000000002,5.788029100000001,5.411714000000001,93.49838963318274,True,False,True
shuttle-c0-vs-c4,logistic_regression,gradient_boosting,0.015,none,-0.018812232987064248,0.9978126849919576,0.9978126849919576,0.9978126849919576,0.0,0.0,0.0,0.5004019,3.4081883999999985,2.9077864999999985,85.31765732199545,True,False,True
vehicle2,logistic_regression,gradient_boosting,0.015,none,-0.012761399686913588,0.942049967139062,0.942049967139062,0.9518336381687104,0.0,0.009783671029648389,0.009783671029648389,0.3685033000000004,2.9005068000000014,2.532003500000001,87.29520992676176,True,False,False
vowel0,logistic_regression,gradient_boosting,0.015,none,-0.0031930248234282033,0.8552891556541312,0.8552891556541312,0.8552891556541312,0.0,0.0,0.0,0.8367447999999982,2.2967455999999977,1.4600007999999995,63.56824195069759,True,False,True
wisconsin,logistic_regression,gradient_boosting,0.015,none,0.0016368217264182139,0.9677556415824756,0.9677556415824756,0.9680602319491208,0.0,0.00030459036664520767,0.00030459036664520767,0.1122782000000004,1.2072141000000007,1.0949359000000003,90.69939623799951,True,False,False
yeast1,logistic_regression,gradient_boosting,0.015,none,-0.0066582698269054275,0.6456136985304575,0.6456136985304575,0.6832967627521116,0.0,0.03768306422165413,0.03768306422165413,0.3021811999999997,2.0565516000000006,1.7543704000000009,85.3064129292939,True,False,False
ecoli-0_vs_1,logistic_regression,gradient_boosting,0.02,adasyn,0.020102339181286788,0.9798976608187132,0.9702058504875406,0.9849695975951356,-0.009691810331172612,0.00507193677642237,0.014763747107594982,0.1576374999999998,1.0172460999999973,0.8596085999999975,84.50350411763681,False,False,False
glass1,logistic_regression,gradient_boosting,0.02,none,-0.004396045723267794,0.5015185021376971,0.5015185021376971,0.61023457900858,0.0,0.10871607687088292,0.10871607687088292,0.1123254,1.0580544999999988,0.9457290999999988,89.38377937998466,True,False,False
haberman,logistic_regression,gradient_boosting,0.02,none,-0.005804453550991462,0.5344040574809805,0.5344040574809805,0.6425233644859814,0.0,0.10811930700500083,0.10811930700500083,0.0950548000000002,0.8455914999999994,0.7505366999999992,88.75878009653594,True,False,False
iris0,logistic_regression,gradient_boosting,0.02,none,0.0,1.0,1.0,1.0,0.0,0.0,0.0,0.2810267000000017,1.3112554,1.0302286999999983,78.56811876618379,True,False,True
page-blocks0,logistic_regression,gradient_boosting,0.02,none,0.010188013739371948,0.847852850384496,0.847852850384496,0.847852850384496,0.0,0.0,0.0,0.5377964999999989,9.3963722,8.858575700000001,94.27655175260087,True,False,True
pima,logistic_regression,gradient_boosting,0.02,none,0.003019008938623724,0.737580065691888,0.737580065691888,0.737580065691888,0.0,0.0,0.0,0.1478462999999998,1.3584931999999998,1.2106469,89.11689068447308,True,False,True
segment0,logistic_regression,gradient_boosting,0.02,none,-0.005493367679155425,0.9946556506999986,0.9946556506999986,0.9946556506999986,0.0,0.0,0.0,0.3763151000000002,5.788029100000001,5.411714000000001,93.49838963318274,True,False,True
shuttle-c0-vs-c4,logistic_regression,gradient_boosting,0.02,none,-0.018812232987064248,0.9978126849919576,0.9978126849919576,0.9978126849919576,0.0,0.0,0.0,0.5004019,3.4081883999999985,2.9077864999999985,85.31765732199545,True,False,True
vehicle2,logistic_regression,gradient_boosting,0.02,none,-0.012761399686913588,0.942049967139062,0.942049967139062,0.9518336381687104,0.0,0.009783671029648389,0.009783671029648389,0.3685033000000004,2.9005068000000014,2.532003500000001,87.29520992676176,True,False,False
vowel0,logistic_regression,gradient_boosting,0.02,none,-0.0031930248234282033,0.8552891556541312,0.8552891556541312,0.8552891556541312,0.0,0.0,0.0,0.8367447999999982,2.2967455999999977,1.4600007999999995,63.56824195069759,True,False,True
wisconsin,logistic_regression,gradient_boosting,0.02,none,0.0016368217264182139,0.9677556415824756,0.9677556415824756,0.9680602319491208,0.0,0.00030459036664520767,0.00030459036664520767,0.1122782000000004,1.2072141000000007,1.0949359000000003,90.69939623799951,True,False,False
yeast1,logistic_regression,gradient_boosting,0.02,none,-0.0066582698269054275,0.6456136985304575,0.6456136985304575,0.6832967627521116,0.0,0.03768306422165413,0.03768306422165413,0.3021811999999997,2.0565516000000006,1.7543704000000009,85.3064129292939,True,False,False
ecoli-0_vs_1,decision_tree,gradient_boosting,0.0,none,-0.006695828536691817,0.9702058504875406,0.9702058504875406,0.9899488304093568,0.0,0.019742979921816173,0.019742979921816173,0.1590112999999995,0.7773905000000008,0.6183792000000012,79.54550512258648,True,False,False
glass1,decision_tree,gradient_boosting,0.0,smote_enn,0.007483906257667261,0.7609506833036244,0.6935513673318552,0.7609506833036244,-0.06739931597176918,0.0,0.06739931597176918,0.1206399000000004,0.7398563999999996,0.6192164999999993,83.69414659385248,False,False,False
haberman,decision_tree,gradient_boosting,0.0,smote_enn,0.004912336389893857,0.5658193101802125,0.6397058823529411,0.6397058823529411,0.07388657217272865,0.07388657217272865,0.0,0.1094745000000001,0.6776106999999986,0.5681361999999984,83.84404201409447,False,True,True
iris0,decision_tree,gradient_boosting,0.0,none,-0.011194004805982982,1.0,1.0,1.0,0.0,0.0,0.0,0.1019786000000024,0.9672043000000058,0.8652257000000034,89.45635374036264,True,False,True
page-blocks0,decision_tree,gradient_boosting,0.0,adasyn,0.0052397516394195875,0.9124443797226672,0.897287077342479,0.9124443797226672,-0.015157302380188198,0.0,0.015157302380188198,1.1676313,7.595065100000003,6.427433800000003,84.62644777067152,False,False,False
pima,decision_tree,gradient_boosting,0.0,none,-0.004414406594980269,0.6715751896474788,0.6715751896474788,0.7012961643040045,0.0,0.02972097465652579,0.02972097465652579,0.1650589,1.4682680999999986,1.3032091999999986,88.75825879483453,True,False,False
segment0,decision_tree,gradient_boosting,0.0,none,-0.005397204761646401,0.9849535772068706,0.9849535772068706,0.989338507021434,0.0,0.004384929814563399,0.004384929814563399,0.3328682,5.426655400000001,5.093787200000001,93.866052375465,True,False,False
shuttle-c0-vs-c4,decision_tree,gradient_boosting,0.0,none,0.0,1.0,1.0,1.0,0.0,0.0,0.0,0.2338208999999995,2.1616400000000002,1.9278191000000007,89.1831711108233,True,False,True
vehicle2,decision_tree,gradient_boosting,0.0,smote_enn,0.010794484613150468,0.9507111489807956,0.9317872737665,0.9507111489807956,-0.018923875214295616,0.0,0.018923875214295616,0.5276239999999994,1.5138356999999996,0.9862117000000001,65.14654793779803,False,False,False
vowel0,decision_tree,gradient_boosting,0.0,none,-0.001121555355708348,0.8512122885397319,0.8512122885397319,0.8828029071650012,0.0,0.03159061862526935,0.03159061862526935,0.0795946,1.0065831999999975,0.9269885999999975,92.09259602186883,True,False,False
wisconsin,decision_tree,gradient_boosting,0.0,smote_enn,0.0015504947745508257,0.953291215956496,0.9469512065958534,0.953291215956496,-0.006340009360642607,0.0,0.006340009360642607,0.1703713999999996,0.9080225999999996,0.7376512,81.2370969621241,False,False,False
yeast1,decision_tree,gradient_boosting,0.0,smote_enn,0.021551959824219313,0.6783822319268029,0.6692266519486466,0.6783822319268029,-0.009155579978156303,0.0,0.009155579978156303,0.5484498000000002,2.4684808,1.9200309999999998,77.78188916843104,False,False,False
ecoli-0_vs_1,decision_tree,gradient_boosting,0.005,none,-0.006695828536691817,0.9702058504875406,0.9702058504875406,0.9899488304093568,0.0,0.019742979921816173,0.019742979921816173,0.1590112999999995,0.7773905000000008,0.6183792000000012,79.54550512258648,True,False,False
glass1,decision_tree,gradient_boosting,0.005,smote_enn,0.007483906257667261,0.7609506833036244,0.6935513673318552,0.7609506833036244,-0.06739931597176918,0.0,0.06739931597176918,0.1206399000000004,0.7398563999999996,0.6192164999999993,83.69414659385248,False,False,False
haberman,decision_tree,gradient_boosting,0.005,none,0.0035588321455595207,0.5658193101802125,0.5658193101802125,0.6397058823529411,0.0,0.07388657217272865,0.07388657217272865,0.0980717999999996,0.6776106999999986,0.579538899999999,85.52682240702518,True,False,False
iris0,decision_tree,gradient_boosting,0.005,none,-0.011194004805982982,1.0,1.0,1.0,0.0,0.0,0.0,0.1019786000000024,0.9672043000000058,0.8652257000000034,89.45635374036264,True,False,True
page-blocks0,decision_tree,gradient_boosting,0.005,adasyn,0.0052397516394195875,0.9124443797226672,0.897287077342479,0.9124443797226672,-0.015157302380188198,0.0,0.015157302380188198,1.1676313,7.595065100000003,6.427433800000003,84.62644777067152,False,False,False
pima,decision_tree,gradient_boosting,0.005,none,-0.004414406594980269,0.6715751896474788,0.6715751896474788,0.7012961643040045,0.0,0.02972097465652579,0.02972097465652579,0.1650589,1.4682680999999986,1.3032091999999986,88.75825879483453,True,False,False
segment0,decision_tree,gradient_boosting,0.005,none,-0.005397204761646401,0.9849535772068706,0.9849535772068706,0.989338507021434,0.0,0.004384929814563399,0.004384929814563399,0.3328682,5.426655400000001,5.093787200000001,93.866052375465,True,False,False
shuttle-c0-vs-c4,decision_tree,gradient_boosting,0.005,none,0.0,1.0,1.0,1.0,0.0,0.0,0.0,0.2338208999999995,2.1616400000000002,1.9278191000000007,89.1831711108233,True,False,True
vehicle2,decision_tree,gradient_boosting,0.005,smote_enn,0.010794484613150468,0.9507111489807956,0.9317872737665,0.9507111489807956,-0.018923875214295616,0.0,0.018923875214295616,0.5276239999999994,1.5138356999999996,0.9862117000000001,65.14654793779803,False,False,False
vowel0,decision_tree,gradient_boosting,0.005,none,-0.001121555355708348,0.8512122885397319,0.8512122885397319,0.8828029071650012,0.0,0.03159061862526935,0.03159061862526935,0.0795946,1.0065831999999975,0.9269885999999975,92.09259602186883,True,False,False
wisconsin,decision_tree,gradient_boosting,0.005,none,0.0014420254579086134,0.953291215956496,0.953291215956496,0.953291215956496,0.0,0.0,0.0,0.1131557,0.9080225999999996,0.7948668999999996,87.53822867404402,True,False,True
yeast1,decision_tree,gradient_boosting,0.005,smote_enn,0.021551959824219313,0.6783822319268029,0.6692266519486466,0.6783822319268029,-0.009155579978156303,0.0,0.009155579978156303,0.5484498000000002,2.4684808,1.9200309999999998,77.78188916843104,False,False,False
ecoli-0_vs_1,decision_tree,gradient_boosting,0.01,none,-0.006695828536691817,0.9702058504875406,0.9702058504875406,0.9899488304093568,0.0,0.019742979921816173,0.019742979921816173,0.1590112999999995,0.7773905000000008,0.6183792000000012,79.54550512258648,True,False,False
glass1,decision_tree,gradient_boosting,0.01,none,0.0013669043517654522,0.7609506833036244,0.7609506833036244,0.7609506833036244,0.0,0.0,0.0,0.0952776000000001,0.7398563999999996,0.6445787999999996,87.12214964958062,True,False,True
haberman,decision_tree,gradient_boosting,0.01,none,0.0035588321455595207,0.5658193101802125,0.5658193101802125,0.6397058823529411,0.0,0.07388657217272865,0.07388657217272865,0.0980717999999996,0.6776106999999986,0.579538899999999,85.52682240702518,True,False,False
iris0,decision_tree,gradient_boosting,0.01,none,-0.011194004805982982,1.0,1.0,1.0,0.0,0.0,0.0,0.1019786000000024,0.9672043000000058,0.8652257000000034,89.45635374036264,True,False,True
page-blocks0,decision_tree,gradient_boosting,0.01,none,-0.0019253384822216502,0.9124443797226672,0.9124443797226672,0.9124443797226672,0.0,0.0,0.0,0.5181287999999995,7.595065100000003,7.076936300000003,93.1780861233171,True,False,True
pima,decision_tree,gradient_boosting,0.01,none,-0.004414406594980269,0.6715751896474788,0.6715751896474788,0.7012961643040045,0.0,0.02972097465652579,0.02972097465652579,0.1650589,1.4682680999999986,1.3032091999999986,88.75825879483453,True,False,False
segment0,decision_tree,gradient_boosting,0.01,none,-0.005397204761646401,0.9849535772068706,0.9849535772068706,0.989338507021434,0.0,0.004384929814563399,0.004384929814563399,0.3328682,5.426655400000001,5.093787200000001,93.866052375465,True,False,False
shuttle-c0-vs-c4,decision_tree,gradient_boosting,0.01,none,0.0,1.0,1.0,1.0,0.0,0.0,0.0,0.2338208999999995,2.1616400000000002,1.9278191000000007,89.1831711108233,True,False,True
vehicle2,decision_tree,gradient_boosting,0.01,smote_enn,0.010794484613150468,0.9507111489807956,0.9317872737665,0.9507111489807956,-0.018923875214295616,0.0,0.018923875214295616,0.5276239999999994,1.5138356999999996,0.9862117000000001,65.14654793779803,False,False,False
vowel0,decision_tree,gradient_boosting,0.01,none,-0.001121555355708348,0.8512122885397319,0.8512122885397319,0.8828029071650012,0.0,0.03159061862526935,0.03159061862526935,0.0795946,1.0065831999999975,0.9269885999999975,92.09259602186883,True,False,False
wisconsin,decision_tree,gradient_boosting,0.01,none,0.0014420254579086134,0.953291215956496,0.953291215956496,0.953291215956496,0.0,0.0,0.0,0.1131557,0.9080225999999996,0.7948668999999996,87.53822867404402,True,False,True
yeast1,decision_tree,gradient_boosting,0.01,smote_enn,0.021551959824219313,0.6783822319268029,0.6692266519486466,0.6783822319268029,-0.009155579978156303,0.0,0.009155579978156303,0.5484498000000002,2.4684808,1.9200309999999998,77.78188916843104,False,False,False
ecoli-0_vs_1,decision_tree,gradient_boosting,0.015,none,-0.006695828536691817,0.9702058504875406,0.9702058504875406,0.9899488304093568,0.0,0.019742979921816173,0.019742979921816173,0.1590112999999995,0.7773905000000008,0.6183792000000012,79.54550512258648,True,False,False
glass1,decision_tree,gradient_boosting,0.015,none,0.0013669043517654522,0.7609506833036244,0.7609506833036244,0.7609506833036244,0.0,0.0,0.0,0.0952776000000001,0.7398563999999996,0.6445787999999996,87.12214964958062,True,False,True
haberman,decision_tree,gradient_boosting,0.015,none,0.0035588321455595207,0.5658193101802125,0.5658193101802125,0.6397058823529411,0.0,0.07388657217272865,0.07388657217272865,0.0980717999999996,0.6776106999999986,0.579538899999999,85.52682240702518,True,False,False
iris0,decision_tree,gradient_boosting,0.015,none,-0.011194004805982982,1.0,1.0,1.0,0.0,0.0,0.0,0.1019786000000024,0.9672043000000058,0.8652257000000034,89.45635374036264,True,False,True
page-blocks0,decision_tree,gradient_boosting,0.015,none,-0.0019253384822216502,0.9124443797226672,0.9124443797226672,0.9124443797226672,0.0,0.0,0.0,0.5181287999999995,7.595065100000003,7.076936300000003,93.1780861233171,True,False,True
pima,decision_tree,gradient_boosting,0.015,none,-0.004414406594980269,0.6715751896474788,0.6715751896474788,0.7012961643040045,0.0,0.02972097465652579,0.02972097465652579,0.1650589,1.4682680999999986,1.3032091999999986,88.75825879483453,True,False,False
segment0,decision_tree,gradient_boosting,0.015,none,-0.005397204761646401,0.9849535772068706,0.9849535772068706,0.989338507021434,0.0,0.004384929814563399,0.004384929814563399,0.3328682,5.426655400000001,5.093787200000001,93.866052375465,True,False,False
shuttle-c0-vs-c4,decision_tree,gradient_boosting,0.015,none,0.0,1.0,1.0,1.0,0.0,0.0,0.0,0.2338208999999995,2.1616400000000002,1.9278191000000007,89.1831711108233,True,False,True
vehicle2,decision_tree,gradient_boosting,0.015,none,0.0032901830210704253,0.9507111489807956,0.9507111489807956,0.9507111489807956,0.0,0.0,0.0,0.1431218000000003,1.5138356999999996,1.3707138999999993,90.54575077070778,True,False,True
vowel0,decision_tree,gradient_boosting,0.015,none,-0.001121555355708348,0.8512122885397319,0.8512122885397319,0.8828029071650012,0.0,0.03159061862526935,0.03159061862526935,0.0795946,1.0065831999999975,0.9269885999999975,92.09259602186883,True,False,False
wisconsin,decision_tree,gradient_boosting,0.015,none,0.0014420254579086134,0.953291215956496,0.953291215956496,0.953291215956496,0.0,0.0,0.0,0.1131557,0.9080225999999996,0.7948668999999996,87.53822867404402,True,False,True
yeast1,decision_tree,gradient_boosting,0.015,smote_enn,0.021551959824219313,0.6783822319268029,0.6692266519486466,0.6783822319268029,-0.009155579978156303,0.0,0.009155579978156303,0.5484498000000002,2.4684808,1.9200309999999998,77.78188916843104,False,False,False
ecoli-0_vs_1,decision_tree,gradient_boosting,0.02,none,-0.006695828536691817,0.9702058504875406,0.9702058504875406,0.9899488304093568,0.0,0.019742979921816173,0.019742979921816173,0.1590112999999995,0.7773905000000008,0.6183792000000012,79.54550512258648,True,False,False
glass1,decision_tree,gradient_boosting,0.02,none,0.0013669043517654522,0.7609506833036244,0.7609506833036244,0.7609506833036244,0.0,0.0,0.0,0.0952776000000001,0.7398563999999996,0.6445787999999996,87.12214964958062,True,False,True
haberman,decision_tree,gradient_boosting,0.02,none,0.0035588321455595207,0.5658193101802125,0.5658193101802125,0.6397058823529411,0.0,0.07388657217272865,0.07388657217272865,0.0980717999999996,0.6776106999999986,0.579538899999999,85.52682240702518,True,False,False
iris0,decision_tree,gradient_boosting,0.02,none,-0.011194004805982982,1.0,1.0,1.0,0.0,0.0,0.0,0.1019786000000024,0.9672043000000058,0.8652257000000034,89.45635374036264,True,False,True
page-blocks0,decision_tree,gradient_boosting,0.02,none,-0.0019253384822216502,0.9124443797226672,0.9124443797226672,0.9124443797226672,0.0,0.0,0.0,0.5181287999999995,7.595065100000003,7.076936300000003,93.1780861233171,True,False,True
pima,decision_tree,gradient_boosting,0.02,none,-0.004414406594980269,0.6715751896474788,0.6715751896474788,0.7012961643040045,0.0,0.02972097465652579,0.02972097465652579,0.1650589,1.4682680999999986,1.3032091999999986,88.75825879483453,True,False,False
segment0,decision_tree,gradient_boosting,0.02,none,-0.005397204761646401,0.9849535772068706,0.9849535772068706,0.989338507021434,0.0,0.004384929814563399,0.004384929814563399,0.3328682,5.426655400000001,5.093787200000001,93.866052375465,True,False,False
shuttle-c0-vs-c4,decision_tree,gradient_boosting,0.02,none,0.0,1.0,1.0,1.0,0.0,0.0,0.0,0.2338208999999995,2.1616400000000002,1.9278191000000007,89.1831711108233,True,False,True
vehicle2,decision_tree,gradient_boosting,0.02,none,0.0032901830210704253,0.9507111489807956,0.9507111489807956,0.9507111489807956,0.0,0.0,0.0,0.1431218000000003,1.5138356999999996,1.3707138999999993,90.54575077070778,True,False,True
vowel0,decision_tree,gradient_boosting,0.02,none,-0.001121555355708348,0.8512122885397319,0.8512122885397319,0.8828029071650012,0.0,0.03159061862526935,0.03159061862526935,0.0795946,1.0065831999999975,0.9269885999999975,92.09259602186883,True,False,False
wisconsin,decision_tree,gradient_boosting,0.02,none,0.0014420254579086134,0.953291215956496,0.953291215956496,0.953291215956496,0.0,0.0,0.0,0.1131557,0.9080225999999996,0.7948668999999996,87.53822867404402,True,False,True
yeast1,decision_tree,gradient_boosting,0.02,smote_enn,0.021551959824219313,0.6783822319268029,0.6692266519486466,0.6783822319268029,-0.009155579978156303,0.0,0.009155579978156303,0.5484498000000002,2.4684808,1.9200309999999998,77.78188916843104,False,False,False
ecoli-0_vs_1,random_forest,gradient_boosting,0.0,none,-0.00044713317955558107,0.9899488304093568,0.9899488304093568,0.9899488304093568,0.0,0.0,0.0,3.915239399999999,24.150073400000004,20.234834000000006,83.78787784553899,True,False,True
glass1,random_forest,gradient_boosting,0.0,none,-0.002967233836092875,0.8335967090576166,0.8335967090576166,0.8572169916228037,0.0,0.023620282565187112,0.023620282565187112,3.2704950000000004,28.071075199999996,24.800580199999995,88.34923501612079,True,False,False
haberman,random_forest,gradient_boosting,0.0,ros,0.0023271833409255205,0.529559748427673,0.5585256968641115,0.655656819221685,0.028965948436438516,0.126097070794012,0.09713112235757349,3.0236871,25.6776669,22.6539798,88.22444768142077,False,True,False
iris0,random_forest,gradient_boosting,0.0,none,0.0,1.0,1.0,1.0,0.0,0.0,0.0,4.362116699999998,23.793170899999996,19.4310542,81.66651801757118,True,False,True
page-blocks0,random_forest,gradient_boosting,0.0,ros,0.002051708453002621,0.9345174973488866,0.9336471989447792,0.9345174973488866,-0.0008702984041073503,0.0,0.0008702984041073503,4.652307900000004,38.514595,33.862287099999996,87.92066254364092,False,False,False
pima,random_forest,gradient_boosting,0.0,adasyn,0.007823457208321671,0.7354267425456938,0.7413054974030583,0.7431733533861193,0.005878754857364443,0.007746610840425494,0.0018678559830610508,4.380230300000001,29.841652900000007,25.461422600000006,85.3217570934216,False,True,False
segment0,random_forest,gradient_boosting,0.0,none,-0.007476776972735855,0.9946556506999986,0.9946556506999986,0.9964641357967948,0.0,0.0018084850967962085,0.0018084850967962085,3.2022751000000014,33.744479600000005,30.542204500000004,90.51022526363097,True,False,False
shuttle-c0-vs-c4,random_forest,gradient_boosting,0.0,none,-0.010874039831913596,1.0,1.0,1.0,0.0,0.0,0.0,3.1392646999999982,23.252858400000004,20.113593700000006,86.49944602079546,True,False,True
vehicle2,random_forest,gradient_boosting,0.0,none,-0.001597712525944761,0.9860331250103184,0.9860331250103184,0.9860331250103184,0.0,0.0,0.0,3.948806399999999,26.958349599999995,23.009543199999996,85.35219529907721,True,False,True
vowel0,random_forest,gradient_boosting,0.0,none,-0.0016917438363189818,0.9125866035090584,0.9125866035090584,0.9125866035090584,0.0,0.0,0.0,2.5871901999999984,18.800692899999998,16.2135027,86.2388571859498,True,False,True
wisconsin,random_forest,gradient_boosting,0.0,none,0.0004507618725457796,0.9695724860430164,0.9695724860430164,0.9760671661141908,0.0,0.006494680071174375,0.006494680071174375,3.4410302999999995,30.321272399999998,26.880242099999997,88.6514317255367,True,False,False
yeast1,random_forest,gradient_boosting,0.0,adasyn,0.0072296373519442625,0.7063534771707733,0.719338061465721,0.7315821634877828,0.012984584294947643,0.025228686317009474,0.012244102022061831,3.5675926999999987,29.201667399999995,25.634074699999996,87.78291440988059,False,True,False
ecoli-0_vs_1,random_forest,gradient_boosting,0.005,none,-0.00044713317955558107,0.9899488304093568,0.9899488304093568,0.9899488304093568,0.0,0.0,0.0,3.915239399999999,24.150073400000004,20.234834000000006,83.78787784553899,True,False,True
glass1,random_forest,gradient_boosting,0.005,none,-0.002967233836092875,0.8335967090576166,0.8335967090576166,0.8572169916228037,0.0,0.023620282565187112,0.023620282565187112,3.2704950000000004,28.071075199999996,24.800580199999995,88.34923501612079,True,False,False
haberman,random_forest,gradient_boosting,0.005,none,0.0016209026158414686,0.529559748427673,0.529559748427673,0.655656819221685,0.0,0.126097070794012,0.126097070794012,3.2899539000000004,25.6776669,22.387712999999998,87.18748898483452,True,False,False
iris0,random_forest,gradient_boosting,0.005,none,0.0,1.0,1.0,1.0,0.0,0.0,0.0,4.362116699999998,23.793170899999996,19.4310542,81.66651801757118,True,False,True
page-blocks0,random_forest,gradient_boosting,0.005,none,-0.0008256045993961791,0.9345174973488866,0.9345174973488866,0.9345174973488866,0.0,0.0,0.0,4.474763799999998,38.514595,34.0398312,88.38164129727964,True,False,True
pima,random_forest,gradient_boosting,0.005,adasyn,0.007823457208321671,0.7354267425456938,0.7413054974030583,0.7431733533861193,0.005878754857364443,0.007746610840425494,0.0018678559830610508,4.380230300000001,29.841652900000007,25.461422600000006,85.3217570934216,False,True,False
segment0,random_forest,gradient_boosting,0.005,none,-0.007476776972735855,0.9946556506999986,0.9946556506999986,0.9964641357967948,0.0,0.0018084850967962085,0.0018084850967962085,3.2022751000000014,33.744479600000005,30.542204500000004,90.51022526363097,True,False,False
shuttle-c0-vs-c4,random_forest,gradient_boosting,0.005,none,-0.010874039831913596,1.0,1.0,1.0,0.0,0.0,0.0,3.1392646999999982,23.252858400000004,20.113593700000006,86.49944602079546,True,False,True
vehicle2,random_forest,gradient_boosting,0.005,none,-0.001597712525944761,0.9860331250103184,0.9860331250103184,0.9860331250103184,0.0,0.0,0.0,3.948806399999999,26.958349599999995,23.009543199999996,85.35219529907721,True,False,True
vowel0,random_forest,gradient_boosting,0.005,none,-0.0016917438363189818,0.9125866035090584,0.9125866035090584,0.9125866035090584,0.0,0.0,0.0,2.5871901999999984,18.800692899999998,16.2135027,86.2388571859498,True,False,True
wisconsin,random_forest,gradient_boosting,0.005,none,0.0004507618725457796,0.9695724860430164,0.9695724860430164,0.9760671661141908,0.0,0.006494680071174375,0.006494680071174375,3.4410302999999995,30.321272399999998,26.880242099999997,88.6514317255367,True,False,False
yeast1,random_forest,gradient_boosting,0.005,adasyn,0.0072296373519442625,0.7063534771707733,0.719338061465721,0.7315821634877828,0.012984584294947643,0.025228686317009474,0.012244102022061831,3.5675926999999987,29.201667399999995,25.634074699999996,87.78291440988059,False,True,False
ecoli-0_vs_1,random_forest,gradient_boosting,0.01,none,-0.00044713317955558107,0.9899488304093568,0.9899488304093568,0.9899488304093568,0.0,0.0,0.0,3.915239399999999,24.150073400000004,20.234834000000006,83.78787784553899,True,False,True
glass1,random_forest,gradient_boosting,0.01,none,-0.002967233836092875,0.8335967090576166,0.8335967090576166,0.8572169916228037,0.0,0.023620282565187112,0.023620282565187112,3.2704950000000004,28.071075199999996,24.800580199999995,88.34923501612079,True,False,False
haberman,random_forest,gradient_boosting,0.01,none,0.0016209026158414686,0.529559748427673,0.529559748427673,0.655656819221685,0.0,0.126097070794012,0.126097070794012,3.2899539000000004,25.6776669,22.387712999999998,87.18748898483452,True,False,False
iris0,random_forest,gradient_boosting,0.01,none,0.0,1.0,1.0,1.0,0.0,0.0,0.0,4.362116699999998,23.793170899999996,19.4310542,81.66651801757118,True,False,True
page-blocks0,random_forest,gradient_boosting,0.01,none,-0.0008256045993961791,0.9345174973488866,0.9345174973488866,0.9345174973488866,0.0,0.0,0.0,4.474763799999998,38.514595,34.0398312,88.38164129727964,True,False,True
pima,random_forest,gradient_boosting,0.01,none,0.0030972105878505074,0.7354267425456938,0.7354267425456938,0.7431733533861193,0.0,0.007746610840425494,0.007746610840425494,3.5931651,29.841652900000007,26.248487800000007,87.95922896080599,True,False,False
segment0,random_forest,gradient_boosting,0.01,none,-0.007476776972735855,0.9946556506999986,0.9946556506999986,0.9964641357967948,0.0,0.0018084850967962085,0.0018084850967962085,3.2022751000000014,33.744479600000005,30.542204500000004,90.51022526363097,True,False,False
shuttle-c0-vs-c4,random_forest,gradient_boosting,0.01,none,-0.010874039831913596,1.0,1.0,1.0,0.0,0.0,0.0,3.1392646999999982,23.252858400000004,20.113593700000006,86.49944602079546,True,False,True
vehicle2,random_forest,gradient_boosting,0.01,none,-0.001597712525944761,0.9860331250103184,0.9860331250103184,0.9860331250103184,0.0,0.0,0.0,3.948806399999999,26.958349599999995,23.009543199999996,85.35219529907721,True,False,True
vowel0,random_forest,gradient_boosting,0.01,none,-0.0016917438363189818,0.9125866035090584,0.9125866035090584,0.9125866035090584,0.0,0.0,0.0,2.5871901999999984,18.800692899999998,16.2135027,86.2388571859498,True,False,True
wisconsin,random_forest,gradient_boosting,0.01,none,0.0004507618725457796,0.9695724860430164,0.9695724860430164,0.9760671661141908,0.0,0.006494680071174375,0.006494680071174375,3.4410302999999995,30.321272399999998,26.880242099999997,88.6514317255367,True,False,False
yeast1,random_forest,gradient_boosting,0.01,none,0.0028575078929680142,0.7063534771707733,0.7063534771707733,0.7315821634877828,0.0,0.025228686317009474,0.025228686317009474,3.9407538,29.201667399999995,25.260913599999995,86.5050384074986,True,False,False
ecoli-0_vs_1,random_forest,gradient_boosting,0.015,none,-0.00044713317955558107,0.9899488304093568,0.9899488304093568,0.9899488304093568,0.0,0.0,0.0,3.915239399999999,24.150073400000004,20.234834000000006,83.78787784553899,True,False,True
glass1,random_forest,gradient_boosting,0.015,none,-0.002967233836092875,0.8335967090576166,0.8335967090576166,0.8572169916228037,0.0,0.023620282565187112,0.023620282565187112,3.2704950000000004,28.071075199999996,24.800580199999995,88.34923501612079,True,False,False
haberman,random_forest,gradient_boosting,0.015,none,0.0016209026158414686,0.529559748427673,0.529559748427673,0.655656819221685,0.0,0.126097070794012,0.126097070794012,3.2899539000000004,25.6776669,22.387712999999998,87.18748898483452,True,False,False
iris0,random_forest,gradient_boosting,0.015,none,0.0,1.0,1.0,1.0,0.0,0.0,0.0,4.362116699999998,23.793170899999996,19.4310542,81.66651801757118,True,False,True
page-blocks0,random_forest,gradient_boosting,0.015,none,-0.0008256045993961791,0.9345174973488866,0.9345174973488866,0.9345174973488866,0.0,0.0,0.0,4.474763799999998,38.514595,34.0398312,88.38164129727964,True,False,True
pima,random_forest,gradient_boosting,0.015,none,0.0030972105878505074,0.7354267425456938,0.7354267425456938,0.7431733533861193,0.0,0.007746610840425494,0.007746610840425494,3.5931651,29.841652900000007,26.248487800000007,87.95922896080599,True,False,False
segment0,random_forest,gradient_boosting,0.015,none,-0.007476776972735855,0.9946556506999986,0.9946556506999986,0.9964641357967948,0.0,0.0018084850967962085,0.0018084850967962085,3.2022751000000014,33.744479600000005,30.542204500000004,90.51022526363097,True,False,False
shuttle-c0-vs-c4,random_forest,gradient_boosting,0.015,none,-0.010874039831913596,1.0,1.0,1.0,0.0,0.0,0.0,3.1392646999999982,23.252858400000004,20.113593700000006,86.49944602079546,True,False,True
vehicle2,random_forest,gradient_boosting,0.015,none,-0.001597712525944761,0.9860331250103184,0.9860331250103184,0.9860331250103184,0.0,0.0,0.0,3.948806399999999,26.958349599999995,23.009543199999996,85.35219529907721,True,False,True
vowel0,random_forest,gradient_boosting,0.015,none,-0.0016917438363189818,0.9125866035090584,0.9125866035090584,0.9125866035090584,0.0,0.0,0.0,2.5871901999999984,18.800692899999998,16.2135027,86.2388571859498,True,False,True
wisconsin,random_forest,gradient_boosting,0.015,none,0.0004507618725457796,0.9695724860430164,0.9695724860430164,0.9760671661141908,0.0,0.006494680071174375,0.006494680071174375,3.4410302999999995,30.321272399999998,26.880242099999997,88.6514317255367,True,False,False
yeast1,random_forest,gradient_boosting,0.015,none,0.0028575078929680142,0.7063534771707733,0.7063534771707733,0.7315821634877828,0.0,0.025228686317009474,0.025228686317009474,3.9407538,29.201667399999995,25.260913599999995,86.5050384074986,True,False,False
ecoli-0_vs_1,random_forest,gradient_boosting,0.02,none,-0.00044713317955558107,0.9899488304093568,0.9899488304093568,0.9899488304093568,0.0,0.0,0.0,3.915239399999999,24.150073400000004,20.234834000000006,83.78787784553899,True,False,True
glass1,random_forest,gradient_boosting,0.02,none,-0.002967233836092875,0.8335967090576166,0.8335967090576166,0.8572169916228037,0.0,0.023620282565187112,0.023620282565187112,3.2704950000000004,28.071075199999996,24.800580199999995,88.34923501612079,True,False,False
haberman,random_forest,gradient_boosting,0.02,none,0.0016209026158414686,0.529559748427673,0.529559748427673,0.655656819221685,0.0,0.126097070794012,0.126097070794012,3.2899539000000004,25.6776669,22.387712999999998,87.18748898483452,True,False,False
iris0,random_forest,gradient_boosting,0.02,none,0.0,1.0,1.0,1.0,0.0,0.0,0.0,4.362116699999998,23.793170899999996,19.4310542,81.66651801757118,True,False,True
page-blocks0,random_forest,gradient_boosting,0.02,none,-0.0008256045993961791,0.9345174973488866,0.9345174973488866,0.9345174973488866,0.0,0.0,0.0,4.474763799999998,38.514595,34.0398312,88.38164129727964,True,False,True
pima,random_forest,gradient_boosting,0.02,none,0.0030972105878505074,0.7354267425456938,0.7354267425456938,0.7431733533861193,0.0,0.007746610840425494,0.007746610840425494,3.5931651,29.841652900000007,26.248487800000007,87.95922896080599,True,False,False
segment0,random_forest,gradient_boosting,0.02,none,-0.007476776972735855,0.9946556506999986,0.9946556506999986,0.9964641357967948,0.0,0.0018084850967962085,0.0018084850967962085,3.2022751000000014,33.744479600000005,30.542204500000004,90.51022526363097,True,False,False
shuttle-c0-vs-c4,random_forest,gradient_boosting,0.02,none,-0.010874039831913596,1.0,1.0,1.0,0.0,0.0,0.0,3.1392646999999982,23.252858400000004,20.113593700000006,86.49944602079546,True,False,True
vehicle2,random_forest,gradient_boosting,0.02,none,-0.001597712525944761,0.9860331250103184,0.9860331250103184,0.9860331250103184,0.0,0.0,0.0,3.948806399999999,26.958349599999995,23.009543199999996,85.35219529907721,True,False,True
vowel0,random_forest,gradient_boosting,0.02,none,-0.0016917438363189818,0.9125866035090584,0.9125866035090584,0.9125866035090584,0.0,0.0,0.0,2.5871901999999984,18.800692899999998,16.2135027,86.2388571859498,True,False,True
wisconsin,random_forest,gradient_boosting,0.02,none,0.0004507618725457796,0.9695724860430164,0.9695724860430164,0.9760671661141908,0.0,0.006494680071174375,0.006494680071174375,3.4410302999999995,30.321272399999998,26.880242099999997,88.6514317255367,True,False,False
yeast1,random_forest,gradient_boosting,0.02,none,0.0028575078929680142,0.7063534771707733,0.7063534771707733,0.7315821634877828,0.0,0.025228686317009474,0.025228686317009474,3.9407538,29.201667399999995,25.260913599999995,86.5050384074986,True,False,False
ecoli-0_vs_1,xgboost,gradient_boosting,0.0,adasyn,0.0015084591930535352,0.98001998001998,0.975099037917374,0.9899488304093568,-0.004920942102606074,0.009928850389376742,0.014849792491982816,1.0988431999999977,7.87697159999999,6.778128399999993,86.04992812212248,False,False,False
glass1,xgboost,gradient_boosting,0.0,adasyn,0.0015058298251685587,0.8174728889971976,0.8194092827004219,0.8275665939899517,0.0019363937032242928,0.010093704992754082,0.00815731128952979,1.4006162000000018,9.6801854,8.279569199999997,85.5311015014237,False,True,False
haberman,xgboost,gradient_boosting,0.0,ros,0.001835518370898348,0.550908090258668,0.557703783267693,0.6397174254317111,0.006795693009024939,0.08880933517304301,0.08201364216401807,1.4859182000000004,8.419521400000008,6.933603200000007,82.35151228429683,False,True,False
iris0,xgboost,gradient_boosting,0.0,none,0.0,1.0,1.0,1.0,0.0,0.0,0.0,0.983847400000002,6.3298311,5.345983699999998,84.45697231952994,True,False,True
page-blocks0,xgboost,gradient_boosting,0.0,adasyn,0.0032204368100514635,0.9305993992368964,0.9126112189393464,0.9305993992368964,-0.017988180297550005,0.0,0.017988180297550005,5.967174700000001,34.46027029999999,28.49309559999999,82.68390048002613,False,False,False
pima,xgboost,gradient_boosting,0.0,adasyn,0.005726753726559952,0.7361390827659384,0.7304530785692559,0.7361390827659384,-0.005686004196682526,0.0,0.005686004196682526,1.719032299999995,10.513094800000012,8.794062500000017,83.64865595999387,False,False,False
segment0,xgboost,gradient_boosting,0.0,none,-0.0048438887457591395,0.992910361224468,0.992910361224468,0.992910361224468,0.0,0.0,0.0,2.632413900000003,22.42828750000003,19.79587360000003,88.26297415707731,True,False,True
shuttle-c0-vs-c4,xgboost,gradient_boosting,0.0,none,-0.0048232621475048365,1.0,1.0,1.0,0.0,0.0,0.0,1.7991220999999982,12.330556800000004,10.531434700000005,85.4092387782521,True,False,True
vehicle2,xgboost,gradient_boosting,0.0,none,-0.004484678969163602,0.9767920335774832,0.9767920335774832,0.9815166808677984,0.0,0.004724647290315187,0.004724647290315187,1.7943633999999946,11.9388395,10.144476100000006,84.97037002633301,True,False,False
vowel0,xgboost,gradient_boosting,0.0,ros,0.0005266768524921916,0.9107273731238392,0.9038134808101173,0.9107273731238392,-0.00691389231372197,0.0,0.00691389231372197,1.538400099999997,12.33758919999999,10.799189099999992,87.53078842988225,False,False,False
wisconsin,xgboost,gradient_boosting,0.0,none,-0.003115790168641941,0.9663060713908171,0.9663060713908171,0.9680009744944807,0.0,0.001694903103663603,0.001694903103663603,1.5858355999999958,9.512048,7.926212400000004,83.32813711621309,True,False,False
yeast1,xgboost,gradient_boosting,0.0,none,-0.0008171354522286123,0.6963947375929667,0.6963947375929667,0.7104116832431071,0.0,0.014016945650140444,0.014016945650140444,1.655627199999998,11.614015199999997,9.958388,85.74457522666236,True,False,False
ecoli-0_vs_1,xgboost,gradient_boosting,0.005,none,-0.0028345193968432048,0.98001998001998,0.98001998001998,0.9899488304093568,0.0,0.009928850389376742,0.009928850389376742,1.1138825999999966,7.87697159999999,6.763088999999994,85.85899941546066,True,False,False
glass1,xgboost,gradient_boosting,0.005,none,-0.0016482634431748133,0.8174728889971976,0.8174728889971976,0.8275665939899517,0.0,0.010093704992754082,0.010093704992754082,1.4041612999999984,9.6801854,8.2760241,85.49447926896111,True,False,False
haberman,xgboost,gradient_boosting,0.005,none,0.0006403106128666236,0.550908090258668,0.550908090258668,0.6397174254317111,0.0,0.08880933517304301,0.08880933517304301,1.2656604000000016,8.419521400000008,7.153861000000006,84.96754934312537,True,False,False
iris0,xgboost,gradient_boosting,0.005,none,0.0,1.0,1.0,1.0,0.0,0.0,0.0,0.983847400000002,6.3298311,5.345983699999998,84.45697231952994,True,False,True
page-blocks0,xgboost,gradient_boosting,0.005,none,0.0007709432655960136,0.9305993992368964,0.9305993992368964,0.9305993992368964,0.0,0.0,0.0,3.2135529000000105,34.46027029999999,31.24671739999998,90.67461493475281,True,False,True
pima,xgboost,gradient_boosting,0.005,adasyn,0.005726753726559952,0.7361390827659384,0.7304530785692559,0.7361390827659384,-0.005686004196682526,0.0,0.005686004196682526,1.719032299999995,10.513094800000012,8.794062500000017,83.64865595999387,False,False,False
segment0,xgboost,gradient_boosting,0.005,none,-0.0048438887457591395,0.992910361224468,0.992910361224468,0.992910361224468,0.0,0.0,0.0,2.632413900000003,22.42828750000003,19.79587360000003,88.26297415707731,True,False,True
shuttle-c0-vs-c4,xgboost,gradient_boosting,0.005,none,-0.0048232621475048365,1.0,1.0,1.0,0.0,0.0,0.0,1.7991220999999982,12.330556800000004,10.531434700000005,85.4092387782521,True,False,True
vehicle2,xgboost,gradient_boosting,0.005,none,-0.004484678969163602,0.9767920335774832,0.9767920335774832,0.9815166808677984,0.0,0.004724647290315187,0.004724647290315187,1.7943633999999946,11.9388395,10.144476100000006,84.97037002633301,True,False,False
vowel0,xgboost,gradient_boosting,0.005,none,-0.0005786398224236766,0.9107273731238392,0.9107273731238392,0.9107273731238392,0.0,0.0,0.0,1.841429999999996,12.33758919999999,10.496159199999994,85.07463678560478,True,False,True
wisconsin,xgboost,gradient_boosting,0.005,none,-0.003115790168641941,0.9663060713908171,0.9663060713908171,0.9680009744944807,0.0,0.001694903103663603,0.001694903103663603,1.5858355999999958,9.512048,7.926212400000004,83.32813711621309,True,False,False
yeast1,xgboost,gradient_boosting,0.005,none,-0.0008171354522286123,0.6963947375929667,0.6963947375929667,0.7104116832431071,0.0,0.014016945650140444,0.014016945650140444,1.655627199999998,11.614015199999997,9.958388,85.74457522666236,True,False,False
ecoli-0_vs_1,xgboost,gradient_boosting,0.01,none,-0.0028345193968432048,0.98001998001998,0.98001998001998,0.9899488304093568,0.0,0.009928850389376742,0.009928850389376742,1.1138825999999966,7.87697159999999,6.763088999999994,85.85899941546066,True,False,False
glass1,xgboost,gradient_boosting,0.01,none,-0.0016482634431748133,0.8174728889971976,0.8174728889971976,0.8275665939899517,0.0,0.010093704992754082,0.010093704992754082,1.4041612999999984,9.6801854,8.2760241,85.49447926896111,True,False,False
haberman,xgboost,gradient_boosting,0.01,none,0.0006403106128666236,0.550908090258668,0.550908090258668,0.6397174254317111,0.0,0.08880933517304301,0.08880933517304301,1.2656604000000016,8.419521400000008,7.153861000000006,84.96754934312537,True,False,False
iris0,xgboost,gradient_boosting,0.01,none,0.0,1.0,1.0,1.0,0.0,0.0,0.0,0.983847400000002,6.3298311,5.345983699999998,84.45697231952994,True,False,True
page-blocks0,xgboost,gradient_boosting,0.01,none,0.0007709432655960136,0.9305993992368964,0.9305993992368964,0.9305993992368964,0.0,0.0,0.0,3.2135529000000105,34.46027029999999,31.24671739999998,90.67461493475281,True,False,True
pima,xgboost,gradient_boosting,0.01,none,0.0023173914828252817,0.7361390827659384,0.7361390827659384,0.7361390827659384,0.0,0.0,0.0,1.5505666000000031,10.513094800000012,8.962528200000008,85.25109276100125,True,False,True
segment0,xgboost,gradient_boosting,0.01,none,-0.0048438887457591395,0.992910361224468,0.992910361224468,0.992910361224468,0.0,0.0,0.0,2.632413900000003,22.42828750000003,19.79587360000003,88.26297415707731,True,False,True
shuttle-c0-vs-c4,xgboost,gradient_boosting,0.01,none,-0.0048232621475048365,1.0,1.0,1.0,0.0,0.0,0.0,1.7991220999999982,12.330556800000004,10.531434700000005,85.4092387782521,True,False,True
vehicle2,xgboost,gradient_boosting,0.01,none,-0.004484678969163602,0.9767920335774832,0.9767920335774832,0.9815166808677984,0.0,0.004724647290315187,0.004724647290315187,1.7943633999999946,11.9388395,10.144476100000006,84.97037002633301,True,False,False
vowel0,xgboost,gradient_boosting,0.01,none,-0.0005786398224236766,0.9107273731238392,0.9107273731238392,0.9107273731238392,0.0,0.0,0.0,1.841429999999996,12.33758919999999,10.496159199999994,85.07463678560478,True,False,True
wisconsin,xgboost,gradient_boosting,0.01,none,-0.003115790168641941,0.9663060713908171,0.9663060713908171,0.9680009744944807,0.0,0.001694903103663603,0.001694903103663603,1.5858355999999958,9.512048,7.926212400000004,83.32813711621309,True,False,False
yeast1,xgboost,gradient_boosting,0.01,none,-0.0008171354522286123,0.6963947375929667,0.6963947375929667,0.7104116832431071,0.0,0.014016945650140444,0.014016945650140444,1.655627199999998,11.614015199999997,9.958388,85.74457522666236,True,False,False
ecoli-0_vs_1,xgboost,gradient_boosting,0.015,none,-0.0028345193968432048,0.98001998001998,0.98001998001998,0.9899488304093568,0.0,0.009928850389376742,0.009928850389376742,1.1138825999999966,7.87697159999999,6.763088999999994,85.85899941546066,True,False,False
glass1,xgboost,gradient_boosting,0.015,none,-0.0016482634431748133,0.8174728889971976,0.8174728889971976,0.8275665939899517,0.0,0.010093704992754082,0.010093704992754082,1.4041612999999984,9.6801854,8.2760241,85.49447926896111,True,False,False
haberman,xgboost,gradient_boosting,0.015,none,0.0006403106128666236,0.550908090258668,0.550908090258668,0.6397174254317111,0.0,0.08880933517304301,0.08880933517304301,1.2656604000000016,8.419521400000008,7.153861000000006,84.96754934312537,True,False,False
iris0,xgboost,gradient_boosting,0.015,none,0.0,1.0,1.0,1.0,0.0,0.0,0.0,0.983847400000002,6.3298311,5.345983699999998,84.45697231952994,True,False,True
page-blocks0,xgboost,gradient_boosting,0.015,none,0.0007709432655960136,0.9305993992368964,0.9305993992368964,0.9305993992368964,0.0,0.0,0.0,3.2135529000000105,34.46027029999999,31.24671739999998,90.67461493475281,True,False,True
pima,xgboost,gradient_boosting,0.015,none,0.0023173914828252817,0.7361390827659384,0.7361390827659384,0.7361390827659384,0.0,0.0,0.0,1.5505666000000031,10.513094800000012,8.962528200000008,85.25109276100125,True,False,True
segment0,xgboost,gradient_boosting,0.015,none,-0.0048438887457591395,0.992910361224468,0.992910361224468,0.992910361224468,0.0,0.0,0.0,2.632413900000003,22.42828750000003,19.79587360000003,88.26297415707731,True,False,True
shuttle-c0-vs-c4,xgboost,gradient_boosting,0.015,none,-0.0048232621475048365,1.0,1.0,1.0,0.0,0.0,0.0,1.7991220999999982,12.330556800000004,10.531434700000005,85.4092387782521,True,False,True
vehicle2,xgboost,gradient_boosting,0.015,none,-0.004484678969163602,0.9767920335774832,0.9767920335774832,0.9815166808677984,0.0,0.004724647290315187,0.004724647290315187,1.7943633999999946,11.9388395,10.144476100000006,84.97037002633301,True,False,False
vowel0,xgboost,gradient_boosting,0.015,none,-0.0005786398224236766,0.9107273731238392,0.9107273731238392,0.9107273731238392,0.0,0.0,0.0,1.841429999999996,12.33758919999999,10.496159199999994,85.07463678560478,True,False,True
wisconsin,xgboost,gradient_boosting,0.015,none,-0.003115790168641941,0.9663060713908171,0.9663060713908171,0.9680009744944807,0.0,0.001694903103663603,0.001694903103663603,1.5858355999999958,9.512048,7.926212400000004,83.32813711621309,True,False,False
yeast1,xgboost,gradient_boosting,0.015,none,-0.0008171354522286123,0.6963947375929667,0.6963947375929667,0.7104116832431071,0.0,0.014016945650140444,0.014016945650140444,1.655627199999998,11.614015199999997,9.958388,85.74457522666236,True,False,False
ecoli-0_vs_1,xgboost,gradient_boosting,0.02,none,-0.0028345193968432048,0.98001998001998,0.98001998001998,0.9899488304093568,0.0,0.009928850389376742,0.009928850389376742,1.1138825999999966,7.87697159999999,6.763088999999994,85.85899941546066,True,False,False
glass1,xgboost,gradient_boosting,0.02,none,-0.0016482634431748133,0.8174728889971976,0.8174728889971976,0.8275665939899517,0.0,0.010093704992754082,0.010093704992754082,1.4041612999999984,9.6801854,8.2760241,85.49447926896111,True,False,False
haberman,xgboost,gradient_boosting,0.02,none,0.0006403106128666236,0.550908090258668,0.550908090258668,0.6397174254317111,0.0,0.08880933517304301,0.08880933517304301,1.2656604000000016,8.419521400000008,7.153861000000006,84.96754934312537,True,False,False
iris0,xgboost,gradient_boosting,0.02,none,0.0,1.0,1.0,1.0,0.0,0.0,0.0,0.983847400000002,6.3298311,5.345983699999998,84.45697231952994,True,False,True
page-blocks0,xgboost,gradient_boosting,0.02,none,0.0007709432655960136,0.9305993992368964,0.9305993992368964,0.9305993992368964,0.0,0.0,0.0,3.2135529000000105,34.46027029999999,31.24671739999998,90.67461493475281,True,False,True
pima,xgboost,gradient_boosting,0.02,none,0.0023173914828252817,0.7361390827659384,0.7361390827659384,0.7361390827659384,0.0,0.0,0.0,1.5505666000000031,10.513094800000012,8.962528200000008,85.25109276100125,True,False,True
segment0,xgboost,gradient_boosting,0.02,none,-0.0048438887457591395,0.992910361224468,0.992910361224468,0.992910361224468,0.0,0.0,0.0,2.632413900000003,22.42828750000003,19.79587360000003,88.26297415707731,True,False,True
shuttle-c0-vs-c4,xgboost,gradient_boosting,0.02,none,-0.0048232621475048365,1.0,1.0,1.0,0.0,0.0,0.0,1.7991220999999982,12.330556800000004,10.531434700000005,85.4092387782521,True,False,True
vehicle2,xgboost,gradient_boosting,0.02,none,-0.004484678969163602,0.9767920335774832,0.9767920335774832,0.9815166808677984,0.0,0.004724647290315187,0.004724647290315187,1.7943633999999946,11.9388395,10.144476100000006,84.97037002633301,True,False,False
vowel0,xgboost,gradient_boosting,0.02,none,-0.0005786398224236766,0.9107273731238392,0.9107273731238392,0.9107273731238392,0.0,0.0,0.0,1.841429999999996,12.33758919999999,10.496159199999994,85.07463678560478,True,False,True
wisconsin,xgboost,gradient_boosting,0.02,none,-0.003115790168641941,0.9663060713908171,0.9663060713908171,0.9680009744944807,0.0,0.001694903103663603,0.001694903103663603,1.5858355999999958,9.512048,7.926212400000004,83.32813711621309,True,False,False
yeast1,xgboost,gradient_boosting,0.02,none,-0.0008171354522286123,0.6963947375929667,0.6963947375929667,0.7104116832431071,0.0,0.014016945650140444,0.014016945650140444,1.655627199999998,11.614015199999997,9.958388,85.74457522666236,True,False,False
ecoli-0_vs_1,logistic_regression,xgboost,0.0,none,-0.018157243728637584,0.9798976608187132,0.9798976608187132,0.9849695975951356,0.0,0.00507193677642237,0.00507193677642237,0.1370953999999997,1.0172460999999973,0.8801506999999975,86.52288762768418,True,False,False
glass1,logistic_regression,xgboost,0.0,none,0.00469953753054142,0.5015185021376971,0.5015185021376971,0.61023457900858,0.0,0.10871607687088292,0.10871607687088292,0.1123254,1.0580544999999988,0.9457290999999988,89.38377937998466,True,False,False
haberman,logistic_regression,xgboost,0.0,smote,0.0005120636196807027,0.5344040574809805,0.625339366515837,0.6425233644859814,0.09093530903485647,0.10811930700500083,0.01718399797014436,0.1387938999999995,0.8455914999999994,0.7067975999999999,83.5861760672855,False,True,False
iris0,logistic_regression,xgboost,0.0,none,0.0,1.0,1.0,1.0,0.0,0.0,0.0,0.2810267000000017,1.3112554,1.0302286999999983,78.56811876618379,True,False,True
page-blocks0,logistic_regression,xgboost,0.0,rus,0.012140633538365364,0.847852850384496,0.8166609947249479,0.847852850384496,-0.031191855659548073,0.0,0.031191855659548073,0.239505900000001,9.3963722,9.156866299999999,97.45108117364698,False,False,False
pima,logistic_regression,xgboost,0.0,rus,0.020789895206689835,0.737580065691888,0.7216912081288213,0.737580065691888,-0.015888857563066794,0.0,0.015888857563066794,0.1479898999999997,1.3584931999999998,1.2105033,89.10632014941261,False,False,False
segment0,logistic_regression,xgboost,0.0,none,-0.007420278619974852,0.9946556506999986,0.9946556506999986,0.9946556506999986,0.0,0.0,0.0,0.3763151000000002,5.788029100000001,5.411714000000001,93.49838963318274,True,False,True
shuttle-c0-vs-c4,logistic_regression,xgboost,0.0,none,0.0021873150080423676,0.9978126849919576,0.9978126849919576,0.9978126849919576,0.0,0.0,0.0,0.5004019,3.4081883999999985,2.9077864999999985,85.31765732199545,True,False,True
vehicle2,logistic_regression,xgboost,0.0,none,0.004020693711936474,0.942049967139062,0.942049967139062,0.9518336381687104,0.0,0.009783671029648389,0.009783671029648389,0.3685033000000004,2.9005068000000014,2.532003500000001,87.29520992676176,True,False,False
vowel0,logistic_regression,xgboost,0.0,smote,0.0012914326507598162,0.8552891556541312,0.7964026023727517,0.8552891556541312,-0.05888655328137948,0.0,0.05888655328137948,0.1878190999999986,2.2967455999999977,2.108926499999999,91.82238119885811,False,False,False
wisconsin,logistic_regression,xgboost,0.0,smote_tomek,0.01150092389434576,0.9677556415824756,0.9663060713908171,0.9680602319491208,-0.001449570191658478,0.00030459036664520767,0.0017541605583036857,0.2106823999999996,1.2072141000000007,0.9965317000000011,82.54805009318567,False,False,False
yeast1,logistic_regression,xgboost,0.0,none,-0.0095964465290308,0.6456136985304575,0.6456136985304575,0.6832967627521116,0.0,0.03768306422165413,0.03768306422165413,0.3021811999999997,2.0565516000000006,1.7543704000000009,85.3064129292939,True,False,False
ecoli-0_vs_1,logistic_regression,xgboost,0.005,none,-0.018157243728637584,0.9798976608187132,0.9798976608187132,0.9849695975951356,0.0,0.00507193677642237,0.00507193677642237,0.1370953999999997,1.0172460999999973,0.8801506999999975,86.52288762768418,True,False,False
glass1,logistic_regression,xgboost,0.005,none,0.00469953753054142,0.5015185021376971,0.5015185021376971,0.61023457900858,0.0,0.10871607687088292,0.10871607687088292,0.1123254,1.0580544999999988,0.9457290999999988,89.38377937998466,True,False,False
haberman,logistic_regression,xgboost,0.005,none,-0.008566283620893955,0.5344040574809805,0.5344040574809805,0.6425233644859814,0.0,0.10811930700500083,0.10811930700500083,0.0950548000000002,0.8455914999999994,0.7505366999999992,88.75878009653594,True,False,False
iris0,logistic_regression,xgboost,0.005,none,0.0,1.0,1.0,1.0,0.0,0.0,0.0,0.2810267000000017,1.3112554,1.0302286999999983,78.56811876618379,True,False,True
page-blocks0,logistic_regression,xgboost,0.005,rus,0.012140633538365364,0.847852850384496,0.8166609947249479,0.847852850384496,-0.031191855659548073,0.0,0.031191855659548073,0.239505900000001,9.3963722,9.156866299999999,97.45108117364698,False,False,False
pima,logistic_regression,xgboost,0.005,rus,0.020789895206689835,0.737580065691888,0.7216912081288213,0.737580065691888,-0.015888857563066794,0.0,0.015888857563066794,0.1479898999999997,1.3584931999999998,1.2105033,89.10632014941261,False,False,False
segment0,logistic_regression,xgboost,0.005,none,-0.007420278619974852,0.9946556506999986,0.9946556506999986,0.9946556506999986,0.0,0.0,0.0,0.3763151000000002,5.788029100000001,5.411714000000001,93.49838963318274,True,False,True
shuttle-c0-vs-c4,logistic_regression,xgboost,0.005,none,0.0021873150080423676,0.9978126849919576,0.9978126849919576,0.9978126849919576,0.0,0.0,0.0,0.5004019,3.4081883999999985,2.9077864999999985,85.31765732199545,True,False,True
vehicle2,logistic_regression,xgboost,0.005,none,0.004020693711936474,0.942049967139062,0.942049967139062,0.9518336381687104,0.0,0.009783671029648389,0.009783671029648389,0.3685033000000004,2.9005068000000014,2.532003500000001,87.29520992676176,True,False,False
vowel0,logistic_regression,xgboost,0.005,none,7.337539864238352e-05,0.8552891556541312,0.8552891556541312,0.8552891556541312,0.0,0.0,0.0,0.8367447999999982,2.2967455999999977,1.4600007999999995,63.56824195069759,True,False,True
wisconsin,logistic_regression,xgboost,0.005,smote_tomek,0.01150092389434576,0.9677556415824756,0.9663060713908171,0.9680602319491208,-0.001449570191658478,0.00030459036664520767,0.0017541605583036857,0.2106823999999996,1.2072141000000007,0.9965317000000011,82.54805009318567,False,False,False
yeast1,logistic_regression,xgboost,0.005,none,-0.0095964465290308,0.6456136985304575,0.6456136985304575,0.6832967627521116,0.0,0.03768306422165413,0.03768306422165413,0.3021811999999997,2.0565516000000006,1.7543704000000009,85.3064129292939,True,False,False
ecoli-0_vs_1,logistic_regression,xgboost,0.01,none,-0.018157243728637584,0.9798976608187132,0.9798976608187132,0.9849695975951356,0.0,0.00507193677642237,0.00507193677642237,0.1370953999999997,1.0172460999999973,0.8801506999999975,86.52288762768418,True,False,False
glass1,logistic_regression,xgboost,0.01,none,0.00469953753054142,0.5015185021376971,0.5015185021376971,0.61023457900858,0.0,0.10871607687088292,0.10871607687088292,0.1123254,1.0580544999999988,0.9457290999999988,89.38377937998466,True,False,False
haberman,logistic_regression,xgboost,0.01,none,-0.008566283620893955,0.5344040574809805,0.5344040574809805,0.6425233644859814,0.0,0.10811930700500083,0.10811930700500083,0.0950548000000002,0.8455914999999994,0.7505366999999992,88.75878009653594,True,False,False
iris0,logistic_regression,xgboost,0.01,none,0.0,1.0,1.0,1.0,0.0,0.0,0.0,0.2810267000000017,1.3112554,1.0302286999999983,78.56811876618379,True,False,True
page-blocks0,logistic_regression,xgboost,0.01,rus,0.012140633538365364,0.847852850384496,0.8166609947249479,0.847852850384496,-0.031191855659548073,0.0,0.031191855659548073,0.239505900000001,9.3963722,9.156866299999999,97.45108117364698,False,False,False
pima,logistic_regression,xgboost,0.01,rus,0.020789895206689835,0.737580065691888,0.7216912081288213,0.737580065691888,-0.015888857563066794,0.0,0.015888857563066794,0.1479898999999997,1.3584931999999998,1.2105033,89.10632014941261,False,False,False
segment0,logistic_regression,xgboost,0.01,none,-0.007420278619974852,0.9946556506999986,0.9946556506999986,0.9946556506999986,0.0,0.0,0.0,0.3763151000000002,5.788029100000001,5.411714000000001,93.49838963318274,True,False,True
shuttle-c0-vs-c4,logistic_regression,xgboost,0.01,none,0.0021873150080423676,0.9978126849919576,0.9978126849919576,0.9978126849919576,0.0,0.0,0.0,0.5004019,3.4081883999999985,2.9077864999999985,85.31765732199545,True,False,True
vehicle2,logistic_regression,xgboost,0.01,none,0.004020693711936474,0.942049967139062,0.942049967139062,0.9518336381687104,0.0,0.009783671029648389,0.009783671029648389,0.3685033000000004,2.9005068000000014,2.532003500000001,87.29520992676176,True,False,False
vowel0,logistic_regression,xgboost,0.01,none,7.337539864238352e-05,0.8552891556541312,0.8552891556541312,0.8552891556541312,0.0,0.0,0.0,0.8367447999999982,2.2967455999999977,1.4600007999999995,63.56824195069759,True,False,True
wisconsin,logistic_regression,xgboost,0.01,smote_tomek,0.01150092389434576,0.9677556415824756,0.9663060713908171,0.9680602319491208,-0.001449570191658478,0.00030459036664520767,0.0017541605583036857,0.2106823999999996,1.2072141000000007,0.9965317000000011,82.54805009318567,False,False,False
yeast1,logistic_regression,xgboost,0.01,none,-0.0095964465290308,0.6456136985304575,0.6456136985304575,0.6832967627521116,0.0,0.03768306422165413,0.03768306422165413,0.3021811999999997,2.0565516000000006,1.7543704000000009,85.3064129292939,True,False,False
ecoli-0_vs_1,logistic_regression,xgboost,0.015,none,-0.018157243728637584,0.9798976608187132,0.9798976608187132,0.9849695975951356,0.0,0.00507193677642237,0.00507193677642237,0.1370953999999997,1.0172460999999973,0.8801506999999975,86.52288762768418,True,False,False
glass1,logistic_regression,xgboost,0.015,none,0.00469953753054142,0.5015185021376971,0.5015185021376971,0.61023457900858,0.0,0.10871607687088292,0.10871607687088292,0.1123254,1.0580544999999988,0.9457290999999988,89.38377937998466,True,False,False
haberman,logistic_regression,xgboost,0.015,none,-0.008566283620893955,0.5344040574809805,0.5344040574809805,0.6425233644859814,0.0,0.10811930700500083,0.10811930700500083,0.0950548000000002,0.8455914999999994,0.7505366999999992,88.75878009653594,True,False,False
iris0,logistic_regression,xgboost,0.015,none,0.0,1.0,1.0,1.0,0.0,0.0,0.0,0.2810267000000017,1.3112554,1.0302286999999983,78.56811876618379,True,False,True
page-blocks0,logistic_regression,xgboost,0.015,none,0.004834984429180622,0.847852850384496,0.847852850384496,0.847852850384496,0.0,0.0,0.0,0.5377964999999989,9.3963722,8.858575700000001,94.27655175260087,True,False,True
pima,logistic_regression,xgboost,0.015,rus,0.020789895206689835,0.737580065691888,0.7216912081288213,0.737580065691888,-0.015888857563066794,0.0,0.015888857563066794,0.1479898999999997,1.3584931999999998,1.2105033,89.10632014941261,False,False,False
segment0,logistic_regression,xgboost,0.015,none,-0.007420278619974852,0.9946556506999986,0.9946556506999986,0.9946556506999986,0.0,0.0,0.0,0.3763151000000002,5.788029100000001,5.411714000000001,93.49838963318274,True,False,True
shuttle-c0-vs-c4,logistic_regression,xgboost,0.015,none,0.0021873150080423676,0.9978126849919576,0.9978126849919576,0.9978126849919576,0.0,0.0,0.0,0.5004019,3.4081883999999985,2.9077864999999985,85.31765732199545,True,False,True
vehicle2,logistic_regression,xgboost,0.015,none,0.004020693711936474,0.942049967139062,0.942049967139062,0.9518336381687104,0.0,0.009783671029648389,0.009783671029648389,0.3685033000000004,2.9005068000000014,2.532003500000001,87.29520992676176,True,False,False
vowel0,logistic_regression,xgboost,0.015,none,7.337539864238352e-05,0.8552891556541312,0.8552891556541312,0.8552891556541312,0.0,0.0,0.0,0.8367447999999982,2.2967455999999977,1.4600007999999995,63.56824195069759,True,False,True
wisconsin,logistic_regression,xgboost,0.015,none,-0.01529163308441639,0.9677556415824756,0.9677556415824756,0.9680602319491208,0.0,0.00030459036664520767,0.00030459036664520767,0.1122782000000004,1.2072141000000007,1.0949359000000003,90.69939623799951,True,False,False
yeast1,logistic_regression,xgboost,0.015,none,-0.0095964465290308,0.6456136985304575,0.6456136985304575,0.6832967627521116,0.0,0.03768306422165413,0.03768306422165413,0.3021811999999997,2.0565516000000006,1.7543704000000009,85.3064129292939,True,False,False
ecoli-0_vs_1,logistic_regression,xgboost,0.02,none,-0.018157243728637584,0.9798976608187132,0.9798976608187132,0.9849695975951356,0.0,0.00507193677642237,0.00507193677642237,0.1370953999999997,1.0172460999999973,0.8801506999999975,86.52288762768418,True,False,False
glass1,logistic_regression,xgboost,0.02,none,0.00469953753054142,0.5015185021376971,0.5015185021376971,0.61023457900858,0.0,0.10871607687088292,0.10871607687088292,0.1123254,1.0580544999999988,0.9457290999999988,89.38377937998466,True,False,False
haberman,logistic_regression,xgboost,0.02,none,-0.008566283620893955,0.5344040574809805,0.5344040574809805,0.6425233644859814,0.0,0.10811930700500083,0.10811930700500083,0.0950548000000002,0.8455914999999994,0.7505366999999992,88.75878009653594,True,False,False
iris0,logistic_regression,xgboost,0.02,none,0.0,1.0,1.0,1.0,0.0,0.0,0.0,0.2810267000000017,1.3112554,1.0302286999999983,78.56811876618379,True,False,True
page-blocks0,logistic_regression,xgboost,0.02,none,0.004834984429180622,0.847852850384496,0.847852850384496,0.847852850384496,0.0,0.0,0.0,0.5377964999999989,9.3963722,8.858575700000001,94.27655175260087,True,False,True
pima,logistic_regression,xgboost,0.02,rus,0.020789895206689835,0.737580065691888,0.7216912081288213,0.737580065691888,-0.015888857563066794,0.0,0.015888857563066794,0.1479898999999997,1.3584931999999998,1.2105033,89.10632014941261,False,False,False
segment0,logistic_regression,xgboost,0.02,none,-0.007420278619974852,0.9946556506999986,0.9946556506999986,0.9946556506999986,0.0,0.0,0.0,0.3763151000000002,5.788029100000001,5.411714000000001,93.49838963318274,True,False,True
shuttle-c0-vs-c4,logistic_regression,xgboost,0.02,none,0.0021873150080423676,0.9978126849919576,0.9978126849919576,0.9978126849919576,0.0,0.0,0.0,0.5004019,3.4081883999999985,2.9077864999999985,85.31765732199545,True,False,True
vehicle2,logistic_regression,xgboost,0.02,none,0.004020693711936474,0.942049967139062,0.942049967139062,0.9518336381687104,0.0,0.009783671029648389,0.009783671029648389,0.3685033000000004,2.9005068000000014,2.532003500000001,87.29520992676176,True,False,False
vowel0,logistic_regression,xgboost,0.02,none,7.337539864238352e-05,0.8552891556541312,0.8552891556541312,0.8552891556541312,0.0,0.0,0.0,0.8367447999999982,2.2967455999999977,1.4600007999999995,63.56824195069759,True,False,True
wisconsin,logistic_regression,xgboost,0.02,none,-0.01529163308441639,0.9677556415824756,0.9677556415824756,0.9680602319491208,0.0,0.00030459036664520767,0.00030459036664520767,0.1122782000000004,1.2072141000000007,1.0949359000000003,90.69939623799951,True,False,False
yeast1,logistic_regression,xgboost,0.02,none,-0.0095964465290308,0.6456136985304575,0.6456136985304575,0.6832967627521116,0.0,0.03768306422165413,0.03768306422165413,0.3021811999999997,2.0565516000000006,1.7543704000000009,85.3064129292939,True,False,False
ecoli-0_vs_1,decision_tree,xgboost,0.0,none,-0.0005213060649111867,0.9702058504875406,0.9702058504875406,0.9899488304093568,0.0,0.019742979921816173,0.019742979921816173,0.1590112999999995,0.7773905000000008,0.6183792000000012,79.54550512258648,True,False,False
glass1,decision_tree,xgboost,0.0,smote_enn,0.013027320615947247,0.7609506833036244,0.6935513673318552,0.7609506833036244,-0.06739931597176918,0.0,0.06739931597176918,0.1206399000000004,0.7398563999999996,0.6192164999999993,83.69414659385248,False,False,False
haberman,decision_tree,xgboost,0.0,smote_enn,0.0056547438725829124,0.5658193101802125,0.6397058823529411,0.6397058823529411,0.07388657217272865,0.07388657217272865,0.0,0.1094745000000001,0.6776106999999986,0.5681361999999984,83.84404201409447,False,True,True
iris0,decision_tree,xgboost,0.0,none,-0.0004234937659930438,1.0,1.0,1.0,0.0,0.0,0.0,0.1019786000000024,0.9672043000000058,0.8652257000000034,89.45635374036264,True,False,True
page-blocks0,decision_tree,xgboost,0.0,adasyn,0.011281425133347622,0.9124443797226672,0.897287077342479,0.9124443797226672,-0.015157302380188198,0.0,0.015157302380188198,1.1676313,7.595065100000003,6.427433800000003,84.62644777067152,False,False,False
pima,decision_tree,xgboost,0.0,none,-0.001198213780298829,0.6715751896474788,0.6715751896474788,0.7012961643040045,0.0,0.02972097465652579,0.02972097465652579,0.1650589,1.4682680999999986,1.3032091999999986,88.75825879483453,True,False,False
segment0,decision_tree,xgboost,0.0,none,-0.00018411892233416438,0.9849535772068706,0.9849535772068706,0.989338507021434,0.0,0.004384929814563399,0.004384929814563399,0.3328682,5.426655400000001,5.093787200000001,93.866052375465,True,False,False
shuttle-c0-vs-c4,decision_tree,xgboost,0.0,none,0.0,1.0,1.0,1.0,0.0,0.0,0.0,0.2338208999999995,2.1616400000000002,1.9278191000000007,89.1831711108233,True,False,True
vehicle2,decision_tree,xgboost,0.0,adasyn,0.009112897329032421,0.9507111489807956,0.9460100103020412,0.9507111489807956,-0.004701138678754324,0.0,0.004701138678754324,0.1679624000000004,1.5138356999999996,1.3458732999999992,88.90484614677798,False,False,False
vowel0,decision_tree,xgboost,0.0,none,0.0003636584442574531,0.8512122885397319,0.8512122885397319,0.8828029071650012,0.0,0.03159061862526935,0.03159061862526935,0.0795946,1.0065831999999975,0.9269885999999975,92.09259602186883,True,False,False
wisconsin,decision_tree,xgboost,0.0,smote_enn,0.012874040752649196,0.953291215956496,0.9469512065958534,0.953291215956496,-0.006340009360642607,0.0,0.006340009360642607,0.1703713999999996,0.9080225999999996,0.7376512,81.2370969621241,False,False,False
yeast1,decision_tree,xgboost,0.0,smote_enn,0.014985833317041397,0.6783822319268029,0.6692266519486466,0.6783822319268029,-0.009155579978156303,0.0,0.009155579978156303,0.5484498000000002,2.4684808,1.9200309999999998,77.78188916843104,False,False,False
ecoli-0_vs_1,decision_tree,xgboost,0.005,none,-0.0005213060649111867,0.9702058504875406,0.9702058504875406,0.9899488304093568,0.0,0.019742979921816173,0.019742979921816173,0.1590112999999995,0.7773905000000008,0.6183792000000012,79.54550512258648,True,False,False
glass1,decision_tree,xgboost,0.005,smote_enn,0.013027320615947247,0.7609506833036244,0.6935513673318552,0.7609506833036244,-0.06739931597176918,0.0,0.06739931597176918,0.1206399000000004,0.7398563999999996,0.6192164999999993,83.69414659385248,False,False,False
haberman,decision_tree,xgboost,0.005,smote_enn,0.0056547438725829124,0.5658193101802125,0.6397058823529411,0.6397058823529411,0.07388657217272865,0.07388657217272865,0.0,0.1094745000000001,0.6776106999999986,0.5681361999999984,83.84404201409447,False,True,True
iris0,decision_tree,xgboost,0.005,none,-0.0004234937659930438,1.0,1.0,1.0,0.0,0.0,0.0,0.1019786000000024,0.9672043000000058,0.8652257000000034,89.45635374036264,True,False,True
page-blocks0,decision_tree,xgboost,0.005,adasyn,0.011281425133347622,0.9124443797226672,0.897287077342479,0.9124443797226672,-0.015157302380188198,0.0,0.015157302380188198,1.1676313,7.595065100000003,6.427433800000003,84.62644777067152,False,False,False
pima,decision_tree,xgboost,0.005,none,-0.001198213780298829,0.6715751896474788,0.6715751896474788,0.7012961643040045,0.0,0.02972097465652579,0.02972097465652579,0.1650589,1.4682680999999986,1.3032091999999986,88.75825879483453,True,False,False
segment0,decision_tree,xgboost,0.005,none,-0.00018411892233416438,0.9849535772068706,0.9849535772068706,0.989338507021434,0.0,0.004384929814563399,0.004384929814563399,0.3328682,5.426655400000001,5.093787200000001,93.866052375465,True,False,False
shuttle-c0-vs-c4,decision_tree,xgboost,0.005,none,0.0,1.0,1.0,1.0,0.0,0.0,0.0,0.2338208999999995,2.1616400000000002,1.9278191000000007,89.1831711108233,True,False,True
vehicle2,decision_tree,xgboost,0.005,adasyn,0.009112897329032421,0.9507111489807956,0.9460100103020412,0.9507111489807956,-0.004701138678754324,0.0,0.004701138678754324,0.1679624000000004,1.5138356999999996,1.3458732999999992,88.90484614677798,False,False,False
vowel0,decision_tree,xgboost,0.005,none,0.0003636584442574531,0.8512122885397319,0.8512122885397319,0.8828029071650012,0.0,0.03159061862526935,0.03159061862526935,0.0795946,1.0065831999999975,0.9269885999999975,92.09259602186883,True,False,False
wisconsin,decision_tree,xgboost,0.005,smote_enn,0.012874040752649196,0.953291215956496,0.9469512065958534,0.953291215956496,-0.006340009360642607,0.0,0.006340009360642607,0.1703713999999996,0.9080225999999996,0.7376512,81.2370969621241,False,False,False
yeast1,decision_tree,xgboost,0.005,smote_enn,0.014985833317041397,0.6783822319268029,0.6692266519486466,0.6783822319268029,-0.009155579978156303,0.0,0.009155579978156303,0.5484498000000002,2.4684808,1.9200309999999998,77.78188916843104,False,False,False
ecoli-0_vs_1,decision_tree,xgboost,0.01,none,-0.0005213060649111867,0.9702058504875406,0.9702058504875406,0.9899488304093568,0.0,0.019742979921816173,0.019742979921816173,0.1590112999999995,0.7773905000000008,0.6183792000000012,79.54550512258648,True,False,False
glass1,decision_tree,xgboost,0.01,smote_enn,0.013027320615947247,0.7609506833036244,0.6935513673318552,0.7609506833036244,-0.06739931597176918,0.0,0.06739931597176918,0.1206399000000004,0.7398563999999996,0.6192164999999993,83.69414659385248,False,False,False
haberman,decision_tree,xgboost,0.01,none,0.005375901702791452,0.5658193101802125,0.5658193101802125,0.6397058823529411,0.0,0.07388657217272865,0.07388657217272865,0.0980717999999996,0.6776106999999986,0.579538899999999,85.52682240702518,True,False,False
iris0,decision_tree,xgboost,0.01,none,-0.0004234937659930438,1.0,1.0,1.0,0.0,0.0,0.0,0.1019786000000024,0.9672043000000058,0.8652257000000034,89.45635374036264,True,False,True
page-blocks0,decision_tree,xgboost,0.01,adasyn,0.011281425133347622,0.9124443797226672,0.897287077342479,0.9124443797226672,-0.015157302380188198,0.0,0.015157302380188198,1.1676313,7.595065100000003,6.427433800000003,84.62644777067152,False,False,False
pima,decision_tree,xgboost,0.01,none,-0.001198213780298829,0.6715751896474788,0.6715751896474788,0.7012961643040045,0.0,0.02972097465652579,0.02972097465652579,0.1650589,1.4682680999999986,1.3032091999999986,88.75825879483453,True,False,False
segment0,decision_tree,xgboost,0.01,none,-0.00018411892233416438,0.9849535772068706,0.9849535772068706,0.989338507021434,0.0,0.004384929814563399,0.004384929814563399,0.3328682,5.426655400000001,5.093787200000001,93.866052375465,True,False,False
shuttle-c0-vs-c4,decision_tree,xgboost,0.01,none,0.0,1.0,1.0,1.0,0.0,0.0,0.0,0.2338208999999995,2.1616400000000002,1.9278191000000007,89.1831711108233,True,False,True
vehicle2,decision_tree,xgboost,0.01,none,0.0016314499080180012,0.9507111489807956,0.9507111489807956,0.9507111489807956,0.0,0.0,0.0,0.1431218000000003,1.5138356999999996,1.3707138999999993,90.54575077070778,True,False,True
vowel0,decision_tree,xgboost,0.01,none,0.0003636584442574531,0.8512122885397319,0.8512122885397319,0.8828029071650012,0.0,0.03159061862526935,0.03159061862526935,0.0795946,1.0065831999999975,0.9269885999999975,92.09259602186883,True,False,False
wisconsin,decision_tree,xgboost,0.01,smote_enn,0.012874040752649196,0.953291215956496,0.9469512065958534,0.953291215956496,-0.006340009360642607,0.0,0.006340009360642607,0.1703713999999996,0.9080225999999996,0.7376512,81.2370969621241,False,False,False
yeast1,decision_tree,xgboost,0.01,smote_enn,0.014985833317041397,0.6783822319268029,0.6692266519486466,0.6783822319268029,-0.009155579978156303,0.0,0.009155579978156303,0.5484498000000002,2.4684808,1.9200309999999998,77.78188916843104,False,False,False
ecoli-0_vs_1,decision_tree,xgboost,0.015,none,-0.0005213060649111867,0.9702058504875406,0.9702058504875406,0.9899488304093568,0.0,0.019742979921816173,0.019742979921816173,0.1590112999999995,0.7773905000000008,0.6183792000000012,79.54550512258648,True,False,False
glass1,decision_tree,xgboost,0.015,none,-0.0001418430038029328,0.7609506833036244,0.7609506833036244,0.7609506833036244,0.0,0.0,0.0,0.0952776000000001,0.7398563999999996,0.6445787999999996,87.12214964958062,True,False,True
haberman,decision_tree,xgboost,0.015,none,0.005375901702791452,0.5658193101802125,0.5658193101802125,0.6397058823529411,0.0,0.07388657217272865,0.07388657217272865,0.0980717999999996,0.6776106999999986,0.579538899999999,85.52682240702518,True,False,False
iris0,decision_tree,xgboost,0.015,none,-0.0004234937659930438,1.0,1.0,1.0,0.0,0.0,0.0,0.1019786000000024,0.9672043000000058,0.8652257000000034,89.45635374036264,True,False,True
page-blocks0,decision_tree,xgboost,0.015,none,-0.001470723538659624,0.9124443797226672,0.9124443797226672,0.9124443797226672,0.0,0.0,0.0,0.5181287999999995,7.595065100000003,7.076936300000003,93.1780861233171,True,False,True
pima,decision_tree,xgboost,0.015,none,-0.001198213780298829,0.6715751896474788,0.6715751896474788,0.7012961643040045,0.0,0.02972097465652579,0.02972097465652579,0.1650589,1.4682680999999986,1.3032091999999986,88.75825879483453,True,False,False
segment0,decision_tree,xgboost,0.015,none,-0.00018411892233416438,0.9849535772068706,0.9849535772068706,0.989338507021434,0.0,0.004384929814563399,0.004384929814563399,0.3328682,5.426655400000001,5.093787200000001,93.866052375465,True,False,False
shuttle-c0-vs-c4,decision_tree,xgboost,0.015,none,0.0,1.0,1.0,1.0,0.0,0.0,0.0,0.2338208999999995,2.1616400000000002,1.9278191000000007,89.1831711108233,True,False,True
vehicle2,decision_tree,xgboost,0.015,none,0.0016314499080180012,0.9507111489807956,0.9507111489807956,0.9507111489807956,0.0,0.0,0.0,0.1431218000000003,1.5138356999999996,1.3707138999999993,90.54575077070778,True,False,True
vowel0,decision_tree,xgboost,0.015,none,0.0003636584442574531,0.8512122885397319,0.8512122885397319,0.8828029071650012,0.0,0.03159061862526935,0.03159061862526935,0.0795946,1.0065831999999975,0.9269885999999975,92.09259602186883,True,False,False
wisconsin,decision_tree,xgboost,0.015,none,-0.00470997393131245,0.953291215956496,0.953291215956496,0.953291215956496,0.0,0.0,0.0,0.1131557,0.9080225999999996,0.7948668999999996,87.53822867404402,True,False,True
yeast1,decision_tree,xgboost,0.015,none,0.0012780249817296863,0.6783822319268029,0.6783822319268029,0.6783822319268029,0.0,0.0,0.0,0.1223587999999997,2.4684808,2.3461220000000003,95.04315366763234,True,False,True
ecoli-0_vs_1,decision_tree,xgboost,0.02,none,-0.0005213060649111867,0.9702058504875406,0.9702058504875406,0.9899488304093568,0.0,0.019742979921816173,0.019742979921816173,0.1590112999999995,0.7773905000000008,0.6183792000000012,79.54550512258648,True,False,False
glass1,decision_tree,xgboost,0.02,none,-0.0001418430038029328,0.7609506833036244,0.7609506833036244,0.7609506833036244,0.0,0.0,0.0,0.0952776000000001,0.7398563999999996,0.6445787999999996,87.12214964958062,True,False,True
haberman,decision_tree,xgboost,0.02,none,0.005375901702791452,0.5658193101802125,0.5658193101802125,0.6397058823529411,0.0,0.07388657217272865,0.07388657217272865,0.0980717999999996,0.6776106999999986,0.579538899999999,85.52682240702518,True,False,False
iris0,decision_tree,xgboost,0.02,none,-0.0004234937659930438,1.0,1.0,1.0,0.0,0.0,0.0,0.1019786000000024,0.9672043000000058,0.8652257000000034,89.45635374036264,True,False,True
page-blocks0,decision_tree,xgboost,0.02,none,-0.001470723538659624,0.9124443797226672,0.9124443797226672,0.9124443797226672,0.0,0.0,0.0,0.5181287999999995,7.595065100000003,7.076936300000003,93.1780861233171,True,False,True
pima,decision_tree,xgboost,0.02,none,-0.001198213780298829,0.6715751896474788,0.6715751896474788,0.7012961643040045,0.0,0.02972097465652579,0.02972097465652579,0.1650589,1.4682680999999986,1.3032091999999986,88.75825879483453,True,False,False
segment0,decision_tree,xgboost,0.02,none,-0.00018411892233416438,0.9849535772068706,0.9849535772068706,0.989338507021434,0.0,0.004384929814563399,0.004384929814563399,0.3328682,5.426655400000001,5.093787200000001,93.866052375465,True,False,False
shuttle-c0-vs-c4,decision_tree,xgboost,0.02,none,0.0,1.0,1.0,1.0,0.0,0.0,0.0,0.2338208999999995,2.1616400000000002,1.9278191000000007,89.1831711108233,True,False,True
vehicle2,decision_tree,xgboost,0.02,none,0.0016314499080180012,0.9507111489807956,0.9507111489807956,0.9507111489807956,0.0,0.0,0.0,0.1431218000000003,1.5138356999999996,1.3707138999999993,90.54575077070778,True,False,True
vowel0,decision_tree,xgboost,0.02,none,0.0003636584442574531,0.8512122885397319,0.8512122885397319,0.8828029071650012,0.0,0.03159061862526935,0.03159061862526935,0.0795946,1.0065831999999975,0.9269885999999975,92.09259602186883,True,False,False
wisconsin,decision_tree,xgboost,0.02,none,-0.00470997393131245,0.953291215956496,0.953291215956496,0.953291215956496,0.0,0.0,0.0,0.1131557,0.9080225999999996,0.7948668999999996,87.53822867404402,True,False,True
yeast1,decision_tree,xgboost,0.02,none,0.0012780249817296863,0.6783822319268029,0.6783822319268029,0.6783822319268029,0.0,0.0,0.0,0.1223587999999997,2.4684808,2.3461220000000003,95.04315366763234,True,False,True
ecoli-0_vs_1,random_forest,xgboost,0.0,adasyn,0.0033064382150768123,0.9899488304093568,0.975099037917374,0.9899488304093568,-0.014849792491982816,0.0,0.014849792491982816,3.3811057000000027,24.150073400000004,20.7689677,85.99960487076615,False,False,False
glass1,random_forest,xgboost,0.0,none,-0.0018335558706894517,0.8335967090576166,0.8335967090576166,0.8572169916228037,0.0,0.023620282565187112,0.023620282565187112,3.2704950000000004,28.071075199999996,24.800580199999995,88.34923501612079,True,False,False
haberman,random_forest,xgboost,0.0,smote,0.004103801678866148,0.529559748427673,0.5490765861921748,0.655656819221685,0.01951683776450186,0.126097070794012,0.10658023302951014,4.027326799999999,25.6776669,21.6503401,84.31583828980975,False,True,False
iris0,random_forest,xgboost,0.0,none,0.0,1.0,1.0,1.0,0.0,0.0,0.0,4.362116699999998,23.793170899999996,19.4310542,81.66651801757118,True,False,True
page-blocks0,random_forest,xgboost,0.0,smote_tomek,0.01333673484623421,0.9345174973488866,0.9258422617863128,0.9345174973488866,-0.008675235562573769,0.0,0.008675235562573769,7.165259599999999,38.514595,31.3493354,81.3959887154467,False,False,False
pima,random_forest,xgboost,0.0,smote,0.0038872358854860067,0.7354267425456938,0.7342173327019053,0.7431733533861193,-0.0012094098437885892,0.007746610840425494,0.008956020684214083,5.3624829,29.841652900000007,24.479170000000007,82.03020818595475,False,False,False
segment0,random_forest,xgboost,0.0,none,0.002147246850654594,0.9946556506999986,0.9946556506999986,0.9964641357967948,0.0,0.0018084850967962085,0.0018084850967962085,3.2022751000000014,33.744479600000005,30.542204500000004,90.51022526363097,True,False,False
shuttle-c0-vs-c4,random_forest,xgboost,0.0,none,-0.0008222617325371884,1.0,1.0,1.0,0.0,0.0,0.0,3.1392646999999982,23.252858400000004,20.113593700000006,86.49944602079546,True,False,True
vehicle2,random_forest,xgboost,0.0,none,-0.006228040903806797,0.9860331250103184,0.9860331250103184,0.9860331250103184,0.0,0.0,0.0,3.948806399999999,26.958349599999995,23.009543199999996,85.35219529907721,True,False,True
vowel0,random_forest,xgboost,0.0,adasyn,0.0016395660350100316,0.9125866035090584,0.8618523657405914,0.9125866035090584,-0.05073423776846697,0.0,0.05073423776846697,2.7080026000000004,18.800692899999998,16.092690299999997,85.59626172075816,False,False,False
wisconsin,random_forest,xgboost,0.0,adasyn,0.002198995091021061,0.9695724860430164,0.9664322407760628,0.9760671661141908,-0.0031402452669535563,0.006494680071174375,0.009634925338127931,3.0693589999999986,30.321272399999998,27.2519134,89.87720911078917,False,False,False
yeast1,random_forest,xgboost,0.0,smote_enn,0.008743386715650558,0.7063534771707733,0.692720050732675,0.7315821634877828,-0.013633426438098395,0.025228686317009474,0.03886211275510787,3.790132399999997,29.201667399999995,25.411534999999997,87.02083566639075,False,False,False
ecoli-0_vs_1,random_forest,xgboost,0.005,none,0.00012252148007962926,0.9899488304093568,0.9899488304093568,0.9899488304093568,0.0,0.0,0.0,3.915239399999999,24.150073400000004,20.234834000000006,83.78787784553899,True,False,True
glass1,random_forest,xgboost,0.005,none,-0.0018335558706894517,0.8335967090576166,0.8335967090576166,0.8572169916228037,0.0,0.023620282565187112,0.023620282565187112,3.2704950000000004,28.071075199999996,24.800580199999995,88.34923501612079,True,False,False
haberman,random_forest,xgboost,0.005,none,0.0013854600256308913,0.529559748427673,0.529559748427673,0.655656819221685,0.0,0.126097070794012,0.126097070794012,3.2899539000000004,25.6776669,22.387712999999998,87.18748898483452,True,False,False
iris0,random_forest,xgboost,0.005,none,0.0,1.0,1.0,1.0,0.0,0.0,0.0,4.362116699999998,23.793170899999996,19.4310542,81.66651801757118,True,False,True
page-blocks0,random_forest,xgboost,0.005,smote_tomek,0.01333673484623421,0.9345174973488866,0.9258422617863128,0.9345174973488866,-0.008675235562573769,0.0,0.008675235562573769,7.165259599999999,38.514595,31.3493354,81.3959887154467,False,False,False
pima,random_forest,xgboost,0.005,none,-0.0004901736392639577,0.7354267425456938,0.7354267425456938,0.7431733533861193,0.0,0.007746610840425494,0.007746610840425494,3.5931651,29.841652900000007,26.248487800000007,87.95922896080599,True,False,False
segment0,random_forest,xgboost,0.005,none,0.002147246850654594,0.9946556506999986,0.9946556506999986,0.9964641357967948,0.0,0.0018084850967962085,0.0018084850967962085,3.2022751000000014,33.744479600000005,30.542204500000004,90.51022526363097,True,False,False
shuttle-c0-vs-c4,random_forest,xgboost,0.005,none,-0.0008222617325371884,1.0,1.0,1.0,0.0,0.0,0.0,3.1392646999999982,23.252858400000004,20.113593700000006,86.49944602079546,True,False,True
vehicle2,random_forest,xgboost,0.005,none,-0.006228040903806797,0.9860331250103184,0.9860331250103184,0.9860331250103184,0.0,0.0,0.0,3.948806399999999,26.958349599999995,23.009543199999996,85.35219529907721,True,False,True
vowel0,random_forest,xgboost,0.005,none,-2.5097324396372578e-05,0.9125866035090584,0.9125866035090584,0.9125866035090584,0.0,0.0,0.0,2.5871901999999984,18.800692899999998,16.2135027,86.2388571859498,True,False,True
wisconsin,random_forest,xgboost,0.005,none,-0.0037979413755238056,0.9695724860430164,0.9695724860430164,0.9760671661141908,0.0,0.006494680071174375,0.006494680071174375,3.4410302999999995,30.321272399999998,26.880242099999997,88.6514317255367,True,False,False
yeast1,random_forest,xgboost,0.005,smote_enn,0.008743386715650558,0.7063534771707733,0.692720050732675,0.7315821634877828,-0.013633426438098395,0.025228686317009474,0.03886211275510787,3.790132399999997,29.201667399999995,25.411534999999997,87.02083566639075,False,False,False
ecoli-0_vs_1,random_forest,xgboost,0.01,none,0.00012252148007962926,0.9899488304093568,0.9899488304093568,0.9899488304093568,0.0,0.0,0.0,3.915239399999999,24.150073400000004,20.234834000000006,83.78787784553899,True,False,True
glass1,random_forest,xgboost,0.01,none,-0.0018335558706894517,0.8335967090576166,0.8335967090576166,0.8572169916228037,0.0,0.023620282565187112,0.023620282565187112,3.2704950000000004,28.071075199999996,24.800580199999995,88.34923501612079,True,False,False
haberman,random_forest,xgboost,0.01,none,0.0013854600256308913,0.529559748427673,0.529559748427673,0.655656819221685,0.0,0.126097070794012,0.126097070794012,3.2899539000000004,25.6776669,22.387712999999998,87.18748898483452,True,False,False
iris0,random_forest,xgboost,0.01,none,0.0,1.0,1.0,1.0,0.0,0.0,0.0,4.362116699999998,23.793170899999996,19.4310542,81.66651801757118,True,False,True
page-blocks0,random_forest,xgboost,0.01,smote_tomek,0.01333673484623421,0.9345174973488866,0.9258422617863128,0.9345174973488866,-0.008675235562573769,0.0,0.008675235562573769,7.165259599999999,38.514595,31.3493354,81.3959887154467,False,False,False
pima,random_forest,xgboost,0.01,none,-0.0004901736392639577,0.7354267425456938,0.7354267425456938,0.7431733533861193,0.0,0.007746610840425494,0.007746610840425494,3.5931651,29.841652900000007,26.248487800000007,87.95922896080599,True,False,False
segment0,random_forest,xgboost,0.01,none,0.002147246850654594,0.9946556506999986,0.9946556506999986,0.9964641357967948,0.0,0.0018084850967962085,0.0018084850967962085,3.2022751000000014,33.744479600000005,30.542204500000004,90.51022526363097,True,False,False
shuttle-c0-vs-c4,random_forest,xgboost,0.01,none,-0.0008222617325371884,1.0,1.0,1.0,0.0,0.0,0.0,3.1392646999999982,23.252858400000004,20.113593700000006,86.49944602079546,True,False,True
vehicle2,random_forest,xgboost,0.01,none,-0.006228040903806797,0.9860331250103184,0.9860331250103184,0.9860331250103184,0.0,0.0,0.0,3.948806399999999,26.958349599999995,23.009543199999996,85.35219529907721,True,False,True
vowel0,random_forest,xgboost,0.01,none,-2.5097324396372578e-05,0.9125866035090584,0.9125866035090584,0.9125866035090584,0.0,0.0,0.0,2.5871901999999984,18.800692899999998,16.2135027,86.2388571859498,True,False,True
wisconsin,random_forest,xgboost,0.01,none,-0.0037979413755238056,0.9695724860430164,0.9695724860430164,0.9760671661141908,0.0,0.006494680071174375,0.006494680071174375,3.4410302999999995,30.321272399999998,26.880242099999997,88.6514317255367,True,False,False
yeast1,random_forest,xgboost,0.01,none,-0.0031235304195433855,0.7063534771707733,0.7063534771707733,0.7315821634877828,0.0,0.025228686317009474,0.025228686317009474,3.9407538,29.201667399999995,25.260913599999995,86.5050384074986,True,False,False
ecoli-0_vs_1,random_forest,xgboost,0.015,none,0.00012252148007962926,0.9899488304093568,0.9899488304093568,0.9899488304093568,0.0,0.0,0.0,3.915239399999999,24.150073400000004,20.234834000000006,83.78787784553899,True,False,True
glass1,random_forest,xgboost,0.015,none,-0.0018335558706894517,0.8335967090576166,0.8335967090576166,0.8572169916228037,0.0,0.023620282565187112,0.023620282565187112,3.2704950000000004,28.071075199999996,24.800580199999995,88.34923501612079,True,False,False
haberman,random_forest,xgboost,0.015,none,0.0013854600256308913,0.529559748427673,0.529559748427673,0.655656819221685,0.0,0.126097070794012,0.126097070794012,3.2899539000000004,25.6776669,22.387712999999998,87.18748898483452,True,False,False
iris0,random_forest,xgboost,0.015,none,0.0,1.0,1.0,1.0,0.0,0.0,0.0,4.362116699999998,23.793170899999996,19.4310542,81.66651801757118,True,False,True
page-blocks0,random_forest,xgboost,0.015,none,0.0002171287342206396,0.9345174973488866,0.9345174973488866,0.9345174973488866,0.0,0.0,0.0,4.474763799999998,38.514595,34.0398312,88.38164129727964,True,False,True
pima,random_forest,xgboost,0.015,none,-0.0004901736392639577,0.7354267425456938,0.7354267425456938,0.7431733533861193,0.0,0.007746610840425494,0.007746610840425494,3.5931651,29.841652900000007,26.248487800000007,87.95922896080599,True,False,False
segment0,random_forest,xgboost,0.015,none,0.002147246850654594,0.9946556506999986,0.9946556506999986,0.9964641357967948,0.0,0.0018084850967962085,0.0018084850967962085,3.2022751000000014,33.744479600000005,30.542204500000004,90.51022526363097,True,False,False
shuttle-c0-vs-c4,random_forest,xgboost,0.015,none,-0.0008222617325371884,1.0,1.0,1.0,0.0,0.0,0.0,3.1392646999999982,23.252858400000004,20.113593700000006,86.49944602079546,True,False,True
vehicle2,random_forest,xgboost,0.015,none,-0.006228040903806797,0.9860331250103184,0.9860331250103184,0.9860331250103184,0.0,0.0,0.0,3.948806399999999,26.958349599999995,23.009543199999996,85.35219529907721,True,False,True
vowel0,random_forest,xgboost,0.015,none,-2.5097324396372578e-05,0.9125866035090584,0.9125866035090584,0.9125866035090584,0.0,0.0,0.0,2.5871901999999984,18.800692899999998,16.2135027,86.2388571859498,True,False,True
wisconsin,random_forest,xgboost,0.015,none,-0.0037979413755238056,0.9695724860430164,0.9695724860430164,0.9760671661141908,0.0,0.006494680071174375,0.006494680071174375,3.4410302999999995,30.321272399999998,26.880242099999997,88.6514317255367,True,False,False
yeast1,random_forest,xgboost,0.015,none,-0.0031235304195433855,0.7063534771707733,0.7063534771707733,0.7315821634877828,0.0,0.025228686317009474,0.025228686317009474,3.9407538,29.201667399999995,25.260913599999995,86.5050384074986,True,False,False
ecoli-0_vs_1,random_forest,xgboost,0.02,none,0.00012252148007962926,0.9899488304093568,0.9899488304093568,0.9899488304093568,0.0,0.0,0.0,3.915239399999999,24.150073400000004,20.234834000000006,83.78787784553899,True,False,True
glass1,random_forest,xgboost,0.02,none,-0.0018335558706894517,0.8335967090576166,0.8335967090576166,0.8572169916228037,0.0,0.023620282565187112,0.023620282565187112,3.2704950000000004,28.071075199999996,24.800580199999995,88.34923501612079,True,False,False
haberman,random_forest,xgboost,0.02,none,0.0013854600256308913,0.529559748427673,0.529559748427673,0.655656819221685,0.0,0.126097070794012,0.126097070794012,3.2899539000000004,25.6776669,22.387712999999998,87.18748898483452,True,False,False
iris0,random_forest,xgboost,0.02,none,0.0,1.0,1.0,1.0,0.0,0.0,0.0,4.362116699999998,23.793170899999996,19.4310542,81.66651801757118,True,False,True
page-blocks0,random_forest,xgboost,0.02,none,0.0002171287342206396,0.9345174973488866,0.9345174973488866,0.9345174973488866,0.0,0.0,0.0,4.474763799999998,38.514595,34.0398312,88.38164129727964,True,False,True
pima,random_forest,xgboost,0.02,none,-0.0004901736392639577,0.7354267425456938,0.7354267425456938,0.7431733533861193,0.0,0.007746610840425494,0.007746610840425494,3.5931651,29.841652900000007,26.248487800000007,87.95922896080599,True,False,False
segment0,random_forest,xgboost,0.02,none,0.002147246850654594,0.9946556506999986,0.9946556506999986,0.9964641357967948,0.0,0.0018084850967962085,0.0018084850967962085,3.2022751000000014,33.744479600000005,30.542204500000004,90.51022526363097,True,False,False
shuttle-c0-vs-c4,random_forest,xgboost,0.02,none,-0.0008222617325371884,1.0,1.0,1.0,0.0,0.0,0.0,3.1392646999999982,23.252858400000004,20.113593700000006,86.49944602079546,True,False,True
vehicle2,random_forest,xgboost,0.02,none,-0.006228040903806797,0.9860331250103184,0.9860331250103184,0.9860331250103184,0.0,0.0,0.0,3.948806399999999,26.958349599999995,23.009543199999996,85.35219529907721,True,False,True
vowel0,random_forest,xgboost,0.02,none,-2.5097324396372578e-05,0.9125866035090584,0.9125866035090584,0.9125866035090584,0.0,0.0,0.0,2.5871901999999984,18.800692899999998,16.2135027,86.2388571859498,True,False,True
wisconsin,random_forest,xgboost,0.02,none,-0.0037979413755238056,0.9695724860430164,0.9695724860430164,0.9760671661141908,0.0,0.006494680071174375,0.006494680071174375,3.4410302999999995,30.321272399999998,26.880242099999997,88.6514317255367,True,False,False
yeast1,random_forest,xgboost,0.02,none,-0.0031235304195433855,0.7063534771707733,0.7063534771707733,0.7315821634877828,0.0,0.025228686317009474,0.025228686317009474,3.9407538,29.201667399999995,25.260913599999995,86.5050384074986,True,False,False
ecoli-0_vs_1,xgboost,xgboost,0.0,adasyn,0.003373311599716544,0.98001998001998,0.975099037917374,0.9899488304093568,-0.004920942102606074,0.009928850389376742,0.014849792491982816,1.0988431999999977,7.87697159999999,6.778128399999993,86.04992812212248,False,False,False
glass1,xgboost,xgboost,0.0,smote_enn,0.005137263797223568,0.8174728889971976,0.733424213223024,0.8275665939899517,-0.08404867577417363,0.010093704992754082,0.09414238076692771,1.3186219000000037,9.6801854,8.361563499999995,86.37813383202347,False,False,False
haberman,xgboost,xgboost,0.0,ros,0.0005457699298858643,0.550908090258668,0.557703783267693,0.6397174254317111,0.006795693009024939,0.08880933517304301,0.08201364216401807,1.4859182000000004,8.419521400000008,6.933603200000007,82.35151228429683,False,True,False
iris0,xgboost,xgboost,0.0,none,0.0,1.0,1.0,1.0,0.0,0.0,0.0,0.983847400000002,6.3298311,5.345983699999998,84.45697231952994,True,False,True
page-blocks0,xgboost,xgboost,0.0,adasyn,0.007835368625819572,0.9305993992368964,0.9126112189393464,0.9305993992368964,-0.017988180297550005,0.0,0.017988180297550005,5.967174700000001,34.46027029999999,28.49309559999999,82.68390048002613,False,False,False
pima,xgboost,xgboost,0.0,ros,0.006682153791189194,0.7361390827659384,0.7333994545003719,0.7361390827659384,-0.002739628265566507,0.0,0.002739628265566507,1.303745900000003,10.513094800000012,9.209348900000009,87.59883816514238,False,False,False
segment0,xgboost,xgboost,0.0,none,-0.0012158529134467244,0.992910361224468,0.992910361224468,0.992910361224468,0.0,0.0,0.0,2.632413900000003,22.42828750000003,19.79587360000003,88.26297415707731,True,False,True
shuttle-c0-vs-c4,xgboost,xgboost,0.0,none,-0.000898386468179635,1.0,1.0,1.0,0.0,0.0,0.0,1.7991220999999982,12.330556800000004,10.531434700000005,85.4092387782521,True,False,True
vehicle2,xgboost,xgboost,0.0,none,-0.0020443040411920466,0.9767920335774832,0.9767920335774832,0.9815166808677984,0.0,0.004724647290315187,0.004724647290315187,1.7943633999999946,11.9388395,10.144476100000006,84.97037002633301,True,False,False
vowel0,xgboost,xgboost,0.0,ros,0.0009125825017691769,0.9107273731238392,0.9038134808101173,0.9107273731238392,-0.00691389231372197,0.0,0.00691389231372197,1.538400099999997,12.33758919999999,10.799189099999992,87.53078842988225,False,False,False
wisconsin,xgboost,xgboost,0.0,none,-0.0035385279916227974,0.9663060713908171,0.9663060713908171,0.9680009744944807,0.0,0.001694903103663603,0.001694903103663603,1.5858355999999958,9.512048,7.926212400000004,83.32813711621309,True,False,False
yeast1,xgboost,xgboost,0.0,smote_enn,0.0002656710857991129,0.6963947375929667,0.6818280165496453,0.7104116832431071,-0.014566721043321351,0.014016945650140444,0.028583666693461796,2.0128838999999985,11.614015199999997,9.601131299999999,82.66849263293543,False,False,False
ecoli-0_vs_1,xgboost,xgboost,0.005,none,-0.0001486062683397904,0.98001998001998,0.98001998001998,0.9899488304093568,0.0,0.009928850389376742,0.009928850389376742,1.1138825999999966,7.87697159999999,6.763088999999994,85.85899941546066,True,False,False
glass1,xgboost,xgboost,0.005,smote_enn,0.005137263797223568,0.8174728889971976,0.733424213223024,0.8275665939899517,-0.08404867577417363,0.010093704992754082,0.09414238076692771,1.3186219000000037,9.6801854,8.361563499999995,86.37813383202347,False,False,False
haberman,xgboost,xgboost,0.005,none,-0.0014411996817216277,0.550908090258668,0.550908090258668,0.6397174254317111,0.0,0.08880933517304301,0.08880933517304301,1.2656604000000016,8.419521400000008,7.153861000000006,84.96754934312537,True,False,False
iris0,xgboost,xgboost,0.005,none,0.0,1.0,1.0,1.0,0.0,0.0,0.0,0.983847400000002,6.3298311,5.345983699999998,84.45697231952994,True,False,True
page-blocks0,xgboost,xgboost,0.005,adasyn,0.007835368625819572,0.9305993992368964,0.9126112189393464,0.9305993992368964,-0.017988180297550005,0.0,0.017988180297550005,5.967174700000001,34.46027029999999,28.49309559999999,82.68390048002613,False,False,False
pima,xgboost,xgboost,0.005,ros,0.006682153791189194,0.7361390827659384,0.7333994545003719,0.7361390827659384,-0.002739628265566507,0.0,0.002739628265566507,1.303745900000003,10.513094800000012,9.209348900000009,87.59883816514238,False,False,False
segment0,xgboost,xgboost,0.005,none,-0.0012158529134467244,0.992910361224468,0.992910361224468,0.992910361224468,0.0,0.0,0.0,2.632413900000003,22.42828750000003,19.79587360000003,88.26297415707731,True,False,True
shuttle-c0-vs-c4,xgboost,xgboost,0.005,none,-0.000898386468179635,1.0,1.0,1.0,0.0,0.0,0.0,1.7991220999999982,12.330556800000004,10.531434700000005,85.4092387782521,True,False,True
vehicle2,xgboost,xgboost,0.005,none,-0.0020443040411920466,0.9767920335774832,0.9767920335774832,0.9815166808677984,0.0,0.004724647290315187,0.004724647290315187,1.7943633999999946,11.9388395,10.144476100000006,84.97037002633301,True,False,False
vowel0,xgboost,xgboost,0.005,none,-0.0008290928672067821,0.9107273731238392,0.9107273731238392,0.9107273731238392,0.0,0.0,0.0,1.841429999999996,12.33758919999999,10.496159199999994,85.07463678560478,True,False,True
wisconsin,xgboost,xgboost,0.005,none,-0.0035385279916227974,0.9663060713908171,0.9663060713908171,0.9680009744944807,0.0,0.001694903103663603,0.001694903103663603,1.5858355999999958,9.512048,7.926212400000004,83.32813711621309,True,False,False
yeast1,xgboost,xgboost,0.005,none,-0.004281080327928066,0.6963947375929667,0.6963947375929667,0.7104116832431071,0.0,0.014016945650140444,0.014016945650140444,1.655627199999998,11.614015199999997,9.958388,85.74457522666236,True,False,False
ecoli-0_vs_1,xgboost,xgboost,0.01,none,-0.0001486062683397904,0.98001998001998,0.98001998001998,0.9899488304093568,0.0,0.009928850389376742,0.009928850389376742,1.1138825999999966,7.87697159999999,6.763088999999994,85.85899941546066,True,False,False
glass1,xgboost,xgboost,0.01,none,0.0009579688194207847,0.8174728889971976,0.8174728889971976,0.8275665939899517,0.0,0.010093704992754082,0.010093704992754082,1.4041612999999984,9.6801854,8.2760241,85.49447926896111,True,False,False
haberman,xgboost,xgboost,0.01,none,-0.0014411996817216277,0.550908090258668,0.550908090258668,0.6397174254317111,0.0,0.08880933517304301,0.08880933517304301,1.2656604000000016,8.419521400000008,7.153861000000006,84.96754934312537,True,False,False
iris0,xgboost,xgboost,0.01,none,0.0,1.0,1.0,1.0,0.0,0.0,0.0,0.983847400000002,6.3298311,5.345983699999998,84.45697231952994,True,False,True
page-blocks0,xgboost,xgboost,0.01,none,0.0027099268045276403,0.9305993992368964,0.9305993992368964,0.9305993992368964,0.0,0.0,0.0,3.2135529000000105,34.46027029999999,31.24671739999998,90.67461493475281,True,False,True
pima,xgboost,xgboost,0.01,none,0.002514192136004567,0.7361390827659384,0.7361390827659384,0.7361390827659384,0.0,0.0,0.0,1.5505666000000031,10.513094800000012,8.962528200000008,85.25109276100125,True,False,True
segment0,xgboost,xgboost,0.01,none,-0.0012158529134467244,0.992910361224468,0.992910361224468,0.992910361224468,0.0,0.0,0.0,2.632413900000003,22.42828750000003,19.79587360000003,88.26297415707731,True,False,True
shuttle-c0-vs-c4,xgboost,xgboost,0.01,none,-0.000898386468179635,1.0,1.0,1.0,0.0,0.0,0.0,1.7991220999999982,12.330556800000004,10.531434700000005,85.4092387782521,True,False,True
vehicle2,xgboost,xgboost,0.01,none,-0.0020443040411920466,0.9767920335774832,0.9767920335774832,0.9815166808677984,0.0,0.004724647290315187,0.004724647290315187,1.7943633999999946,11.9388395,10.144476100000006,84.97037002633301,True,False,False
vowel0,xgboost,xgboost,0.01,none,-0.0008290928672067821,0.9107273731238392,0.9107273731238392,0.9107273731238392,0.0,0.0,0.0,1.841429999999996,12.33758919999999,10.496159199999994,85.07463678560478,True,False,True
wisconsin,xgboost,xgboost,0.01,none,-0.0035385279916227974,0.9663060713908171,0.9663060713908171,0.9680009744944807,0.0,0.001694903103663603,0.001694903103663603,1.5858355999999958,9.512048,7.926212400000004,83.32813711621309,True,False,False
yeast1,xgboost,xgboost,0.01,none,-0.004281080327928066,0.6963947375929667,0.6963947375929667,0.7104116832431071,0.0,0.014016945650140444,0.014016945650140444,1.655627199999998,11.614015199999997,9.958388,85.74457522666236,True,False,False
ecoli-0_vs_1,xgboost,xgboost,0.015,none,-0.0001486062683397904,0.98001998001998,0.98001998001998,0.9899488304093568,0.0,0.009928850389376742,0.009928850389376742,1.1138825999999966,7.87697159999999,6.763088999999994,85.85899941546066,True,False,False
glass1,xgboost,xgboost,0.015,none,0.0009579688194207847,0.8174728889971976,0.8174728889971976,0.8275665939899517,0.0,0.010093704992754082,0.010093704992754082,1.4041612999999984,9.6801854,8.2760241,85.49447926896111,True,False,False
haberman,xgboost,xgboost,0.015,none,-0.0014411996817216277,0.550908090258668,0.550908090258668,0.6397174254317111,0.0,0.08880933517304301,0.08880933517304301,1.2656604000000016,8.419521400000008,7.153861000000006,84.96754934312537,True,False,False
iris0,xgboost,xgboost,0.015,none,0.0,1.0,1.0,1.0,0.0,0.0,0.0,0.983847400000002,6.3298311,5.345983699999998,84.45697231952994,True,False,True
page-blocks0,xgboost,xgboost,0.015,none,0.0027099268045276403,0.9305993992368964,0.9305993992368964,0.9305993992368964,0.0,0.0,0.0,3.2135529000000105,34.46027029999999,31.24671739999998,90.67461493475281,True,False,True
pima,xgboost,xgboost,0.015,none,0.002514192136004567,0.7361390827659384,0.7361390827659384,0.7361390827659384,0.0,0.0,0.0,1.5505666000000031,10.513094800000012,8.962528200000008,85.25109276100125,True,False,True
segment0,xgboost,xgboost,0.015,none,-0.0012158529134467244,0.992910361224468,0.992910361224468,0.992910361224468,0.0,0.0,0.0,2.632413900000003,22.42828750000003,19.79587360000003,88.26297415707731,True,False,True
shuttle-c0-vs-c4,xgboost,xgboost,0.015,none,-0.000898386468179635,1.0,1.0,1.0,0.0,0.0,0.0,1.7991220999999982,12.330556800000004,10.531434700000005,85.4092387782521,True,False,True
vehicle2,xgboost,xgboost,0.015,none,-0.0020443040411920466,0.9767920335774832,0.9767920335774832,0.9815166808677984,0.0,0.004724647290315187,0.004724647290315187,1.7943633999999946,11.9388395,10.144476100000006,84.97037002633301,True,False,False
vowel0,xgboost,xgboost,0.015,none,-0.0008290928672067821,0.9107273731238392,0.9107273731238392,0.9107273731238392,0.0,0.0,0.0,1.841429999999996,12.33758919999999,10.496159199999994,85.07463678560478,True,False,True
wisconsin,xgboost,xgboost,0.015,none,-0.0035385279916227974,0.9663060713908171,0.9663060713908171,0.9680009744944807,0.0,0.001694903103663603,0.001694903103663603,1.5858355999999958,9.512048,7.926212400000004,83.32813711621309,True,False,False
yeast1,xgboost,xgboost,0.015,none,-0.004281080327928066,0.6963947375929667,0.6963947375929667,0.7104116832431071,0.0,0.014016945650140444,0.014016945650140444,1.655627199999998,11.614015199999997,9.958388,85.74457522666236,True,False,False
ecoli-0_vs_1,xgboost,xgboost,0.02,none,-0.0001486062683397904,0.98001998001998,0.98001998001998,0.9899488304093568,0.0,0.009928850389376742,0.009928850389376742,1.1138825999999966,7.87697159999999,6.763088999999994,85.85899941546066,True,False,False
glass1,xgboost,xgboost,0.02,none,0.0009579688194207847,0.8174728889971976,0.8174728889971976,0.8275665939899517,0.0,0.010093704992754082,0.010093704992754082,1.4041612999999984,9.6801854,8.2760241,85.49447926896111,True,False,False
haberman,xgboost,xgboost,0.02,none,-0.0014411996817216277,0.550908090258668,0.550908090258668,0.6397174254317111,0.0,0.08880933517304301,0.08880933517304301,1.2656604000000016,8.419521400000008,7.153861000000006,84.96754934312537,True,False,False
iris0,xgboost,xgboost,0.02,none,0.0,1.0,1.0,1.0,0.0,0.0,0.0,0.983847400000002,6.3298311,5.345983699999998,84.45697231952994,True,False,True
page-blocks0,xgboost,xgboost,0.02,none,0.0027099268045276403,0.9305993992368964,0.9305993992368964,0.9305993992368964,0.0,0.0,0.0,3.2135529000000105,34.46027029999999,31.24671739999998,90.67461493475281,True,False,True
pima,xgboost,xgboost,0.02,none,0.002514192136004567,0.7361390827659384,0.7361390827659384,0.7361390827659384,0.0,0.0,0.0,1.5505666000000031,10.513094800000012,8.962528200000008,85.25109276100125,True,False,True
segment0,xgboost,xgboost,0.02,none,-0.0012158529134467244,0.992910361224468,0.992910361224468,0.992910361224468,0.0,0.0,0.0,2.632413900000003,22.42828750000003,19.79587360000003,88.26297415707731,True,False,True
shuttle-c0-vs-c4,xgboost,xgboost,0.02,none,-0.000898386468179635,1.0,1.0,1.0,0.0,0.0,0.0,1.7991220999999982,12.330556800000004,10.531434700000005,85.4092387782521,True,False,True
vehicle2,xgboost,xgboost,0.02,none,-0.0020443040411920466,0.9767920335774832,0.9767920335774832,0.9815166808677984,0.0,0.004724647290315187,0.004724647290315187,1.7943633999999946,11.9388395,10.144476100000006,84.97037002633301,True,False,False
vowel0,xgboost,xgboost,0.02,none,-0.0008290928672067821,0.9107273731238392,0.9107273731238392,0.9107273731238392,0.0,0.0,0.0,1.841429999999996,12.33758919999999,10.496159199999994,85.07463678560478,True,False,True
wisconsin,xgboost,xgboost,0.02,none,-0.0035385279916227974,0.9663060713908171,0.9663060713908171,0.9680009744944807,0.0,0.001694903103663603,0.001694903103663603,1.5858355999999958,9.512048,7.926212400000004,83.32813711621309,True,False,False
yeast1,xgboost,xgboost,0.02,none,-0.004281080327928066,0.6963947375929667,0.6963947375929667,0.7104116832431071,0.0,0.014016945650140444,0.014016945650140444,1.655627199999998,11.614015199999997,9.958388,85.74457522666236,True,False,False
